Handle,Title,Body (HTML),Vendor,Type,Tags,Published,Option1 Name,Option1 Value,Option2 Name,Option2 Value,Option3 Name,Option3 Value,Variant SKU,Variant Grams,Variant Inventory Tracker,Variant Inventory Qty,Variant Inventory Policy,Variant Fulfillment Service,Variant Price,Variant Compare-at Price,Variant Requires Shipping,Variant Taxable,Variant Barcode,Image Src,Image Alt Text
bibs-smoczek-2-pak-latex-anatomiczny-kosc-sloniowa-roz,BIBS Smoczek 2 Pak Latex Anatomiczny Kość Słoniowa/Róż,"<p>BIBS Smoczek 2 Pak Latex Anatomiczny Kość Słoniowa/Róż prepared from the AICO B2B catalog for Shopify import.</p><ul><li>Brand: BIBS</li><li>Category: Pacifier</li><li>Material: Latex</li><li>Available sizes: 1, 2</li></ul><p>Original AICO links:</p><ul><li>Size 1: <a href=""https://e.aico.com.pl/ProduktySzczegoly.aspx?id_artykulu=KFPQxWAaLyRva5Zdaj3HxQ"">detail</a> | <a href=""https://e.aico.com.pl/ProduktyWyszukiwanie.aspx?search=2111417"">search by code</a></li><li>Size 2: <a href=""https://e.aico.com.pl/ProduktySzczegoly.aspx?id_artykulu=8McnF2iM2zFpu4IWjdCXLQ"">detail</a> | <a href=""https://e.aico.com.pl/ProduktyWyszukiwanie.aspx?search=2211417"">search by code</a></li></ul>",BIBS,Pacifier,"BIBS,Pacifier,AICO,Latex",FALSE,Size,1,,,,,BIB000090,,,,deny,manual,21.87,,TRUE,TRUE,5713795242368,https://b2b:aico2012@e.aico.com.pl/Obrazki/BIB000090_2111417l%20(458%20x%20458).jpg,BIBS Smoczek 2 Pak Latex Anatomiczny Kość Słoniowa/Róż - Size 1
bibs-smoczek-2-pak-latex-anatomiczny-kosc-sloniowa-roz,,,,,,,Size,2,,,,,BIB000088,,,,deny,manual,21.87,,TRUE,TRUE,5713795242375,https://b2b:aico2012@e.aico.com.pl/Obrazki/BIB000088_5713795242375_2_BIBS_COLOUR_PACK_Ana_Latex_S2_Ivory_Blush_2000x2000%20(600%20x%20600).jpg,BIBS Smoczek 2 Pak Latex Anatomiczny Kość Słoniowa/Róż - Size 2
bibs-smoczek-2-pak-latex-anatomiczny-kosc-sloniowa-szalwia,BIBS Smoczek 2 Pak Latex Anatomiczny Kość Słoniowa/Szałwia,"<p>BIBS Smoczek 2 Pak Latex Anatomiczny Kość Słoniowa/Szałwia prepared from the AICO B2B catalog for Shopify import.</p><ul><li>Brand: BIBS</li><li>Category: Pacifier</li><li>Material: Latex</li><li>Available sizes: 1, 2</li></ul><p>Original AICO links:</p><ul><li>Size 1: <a href=""https://e.aico.com.pl/ProduktySzczegoly.aspx?id_artykulu=nsa8J6fLtkpa2yhKNsnnTA"">detail</a> | <a href=""https://e.aico.com.pl/ProduktyWyszukiwanie.aspx?search=2111416"">search by code</a></li><li>Size 2: <a href=""https://e.aico.com.pl/ProduktySzczegoly.aspx?id_artykulu=xCvLaitH9nRF-nPgV9XUOg"">detail</a> | <a href=""https://e.aico.com.pl/ProduktyWyszukiwanie.aspx?search=2211416"">search by code</a></li></ul>",BIBS,Pacifier,"BIBS,Pacifier,AICO,Latex",FALSE,Size,1,,,,,BIB000089,,,,deny,manual,21.87,,TRUE,TRUE,5713795242320,https://b2b:aico2012@e.aico.com.pl/Obrazki/BIB000089_5713795242320_2_BIBS_COLOUR_PACK_Ana_Latex_S1_Ivory_Sage_2000x2000%20(600%20x%20600).jpg,BIBS Smoczek 2 Pak Latex Anatomiczny Kość Słoniowa/Szałwia - Size 1
bibs-smoczek-2-pak-latex-anatomiczny-kosc-sloniowa-szalwia,,,,,,,Size,2,,,,,BIB000087,,,,deny,manual,21.87,,TRUE,TRUE,5713795242337,https://b2b:aico2012@e.aico.com.pl/Obrazki/BIB000087_5713795242337_2_BIBS_COLOUR_PACK_Ana_Latex_Ivory_Sage_2000x2000%20(600%20x%20600).jpg,BIBS Smoczek 2 Pak Latex Anatomiczny Kość Słoniowa/Szałwia - Size 2
bibs-smoczek-2-pak-latex-blekit-j-niebieski,BIBS Smoczek 2 Pak Latex Błękit/J.Niebieski,"<p>BIBS Smoczek 2 Pak Latex Błękit/J.Niebieski prepared from the AICO B2B catalog for Shopify import.</p><ul><li>Brand: BIBS</li><li>Category: Pacifier</li><li>Material: Latex</li><li>Available sizes: 2</li></ul><p>Original AICO links:</p><ul><li>Size 2: <a href=""https://e.aico.com.pl/ProduktySzczegoly.aspx?id_artykulu=1QcXPtmWFN9ikL1aOsJX7w"">detail</a> | <a href=""https://e.aico.com.pl/ProduktyWyszukiwanie.aspx?search=120214"">search by code</a></li></ul>",BIBS,Pacifier,"BIBS,Pacifier,AICO,Latex",FALSE,Size,2,,,,,BIB000094,,,,deny,manual,21.87,,TRUE,TRUE,5713795120192,https://b2b:aico2012@e.aico.com.pl/Obrazki/BIB000094_120214%20(600%20x%20600).jpg,BIBS Smoczek 2 Pak Latex Błękit/J.Niebieski - Size 2
bibs-smoczek-2-pak-latex-kosc-sloniowa-roz,BIBS Smoczek 2 Pak Latex Kość Słoniowa/Róż,"<p>BIBS Smoczek 2 Pak Latex Kość Słoniowa/Róż prepared from the AICO B2B catalog for Shopify import.</p><ul><li>Brand: BIBS</li><li>Category: Pacifier</li><li>Material: Latex</li><li>Available sizes: 1, 2, 3</li></ul><p>Original AICO links:</p><ul><li>Size 1: <a href=""https://e.aico.com.pl/ProduktySzczegoly.aspx?id_artykulu=2m1nzlkb84IvI0lOKzANxw"">detail</a> | <a href=""https://e.aico.com.pl/ProduktyWyszukiwanie.aspx?search=110256"">search by code</a></li><li>Size 2: <a href=""https://e.aico.com.pl/ProduktySzczegoly.aspx?id_artykulu=x_sHT7fckD-ov1BJHjWA3g"">detail</a> | <a href=""https://e.aico.com.pl/ProduktyWyszukiwanie.aspx?search=120256"">search by code</a></li><li>Size 3: <a href=""https://e.aico.com.pl/ProduktySzczegoly.aspx?id_artykulu=KA4AGw7dwMhsDBFsFwMmeg"">detail</a> | <a href=""https://e.aico.com.pl/ProduktyWyszukiwanie.aspx?search=130253"">search by code</a></li></ul>",BIBS,Pacifier,"BIBS,Pacifier,AICO,Latex",FALSE,Size,1,,,,,BIB000102,,,,deny,manual,21.87,,TRUE,TRUE,5713795110209,https://b2b:aico2012@e.aico.com.pl/Obrazki/BIB000102_110256r%20(458%20x%20458).jpg,BIBS Smoczek 2 Pak Latex Kość Słoniowa/Róż - Size 1
bibs-smoczek-2-pak-latex-kosc-sloniowa-roz,,,,,,,Size,2,,,,,BIB000097,,,,deny,manual,21.87,,TRUE,TRUE,5713795120406,https://b2b:aico2012@e.aico.com.pl/Obrazki/BIB000097_120256%20(458%20x%20458).jpg,BIBS Smoczek 2 Pak Latex Kość Słoniowa/Róż - Size 2
bibs-smoczek-2-pak-latex-kosc-sloniowa-roz,,,,,,,Size,3,,,,,BIB000105,,,,deny,manual,21.87,,TRUE,TRUE,5713795202096,https://b2b:aico2012@e.aico.com.pl/Obrazki/BIB000105_130253%20(458%20x%20458).jpg,BIBS Smoczek 2 Pak Latex Kość Słoniowa/Róż - Size 3
bibs-smoczek-2-pak-latex-kosc-sloniowa-szalwia,BIBS Smoczek 2 Pak Latex Kość Słoniowa/Szałwia,"<p>BIBS Smoczek 2 Pak Latex Kość Słoniowa/Szałwia prepared from the AICO B2B catalog for Shopify import.</p><ul><li>Brand: BIBS</li><li>Category: Pacifier</li><li>Material: Latex</li><li>Available sizes: 1, 2, 3</li></ul><p>Original AICO links:</p><ul><li>Size 1: <a href=""https://e.aico.com.pl/ProduktySzczegoly.aspx?id_artykulu=7MpHnBK2vbLPSpmlyMRe6A"">detail</a> | <a href=""https://e.aico.com.pl/ProduktyWyszukiwanie.aspx?search=110241"">search by code</a></li><li>Size 2: <a href=""https://e.aico.com.pl/ProduktySzczegoly.aspx?id_artykulu=bdm5owILqggZ0P72_biNUw"">detail</a> | <a href=""https://e.aico.com.pl/ProduktyWyszukiwanie.aspx?search=120241"">search by code</a></li><li>Size 3: <a href=""https://e.aico.com.pl/ProduktySzczegoly.aspx?id_artykulu=vguC6Sht22JIXHupRYk1nw"">detail</a> | <a href=""https://e.aico.com.pl/ProduktyWyszukiwanie.aspx?search=130241"">search by code</a></li></ul>",BIBS,Pacifier,"BIBS,Pacifier,AICO,Latex",FALSE,Size,1,,,,,BIB000101,,,,deny,manual,21.87,,TRUE,TRUE,5713795110438,https://b2b:aico2012@e.aico.com.pl/Obrazki/BIB000101_110241y%20(458%20x%20458).jpg,BIBS Smoczek 2 Pak Latex Kość Słoniowa/Szałwia - Size 1
bibs-smoczek-2-pak-latex-kosc-sloniowa-szalwia,,,,,,,Size,2,,,,,BIB000095,,,,deny,manual,21.87,,TRUE,TRUE,5713795120536,https://b2b:aico2012@e.aico.com.pl/Obrazki/BIB000095_120241%20(458%20x%20458).jpg,BIBS Smoczek 2 Pak Latex Kość Słoniowa/Szałwia - Size 2
bibs-smoczek-2-pak-latex-kosc-sloniowa-szalwia,,,,,,,Size,3,,,,,BIB000091,,,,deny,manual,21.87,,TRUE,TRUE,5713795198757,https://b2b:aico2012@e.aico.com.pl/Obrazki/BIB000091_130241k%20(458%20x%20458).jpg,BIBS Smoczek 2 Pak Latex Kość Słoniowa/Szałwia - Size 3
bibs-smoczek-2-pak-latex-roz-czarny-bez,BIBS Smoczek 2 Pak Latex Róż/Czarny Bez,"<p>BIBS Smoczek 2 Pak Latex Róż/Czarny Bez prepared from the AICO B2B catalog for Shopify import.</p><ul><li>Brand: BIBS</li><li>Category: Pacifier</li><li>Material: Latex</li><li>Available sizes: 2</li></ul><p>Original AICO links:</p><ul><li>Size 2: <a href=""https://e.aico.com.pl/ProduktySzczegoly.aspx?id_artykulu=lf3_Py4nWE1WPPFEy0QWLw"">detail</a> | <a href=""https://e.aico.com.pl/ProduktyWyszukiwanie.aspx?search=120433"">search by code</a></li></ul>",BIBS,Pacifier,"BIBS,Pacifier,AICO,Latex",FALSE,Size,2,,,,,BIB000099,,,,deny,manual,21.87,,TRUE,TRUE,5713795252695,https://b2b:aico2012@e.aico.com.pl/Obrazki/BIB000099_5713795252695_2_BIBS_COLOUR_PACK_Rnd_Latex_S2_DustyPink_Elderberry_2000x2000%20(600%20x%20600).jpg,BIBS Smoczek 2 Pak Latex Róż/Czarny Bez - Size 2
bibs-smoczek-2-pak-latex-roz-fiolet,BIBS Smoczek 2 Pak Latex Róż/Fiolet,"<p>BIBS Smoczek 2 Pak Latex Róż/Fiolet prepared from the AICO B2B catalog for Shopify import.</p><ul><li>Brand: BIBS</li><li>Category: Pacifier</li><li>Material: Latex</li><li>Available sizes: 2</li></ul><p>Original AICO links:</p><ul><li>Size 2: <a href=""https://e.aico.com.pl/ProduktySzczegoly.aspx?id_artykulu=iO3BDoUnJUFcFCT1mToMMQ"">detail</a> | <a href=""https://e.aico.com.pl/ProduktyWyszukiwanie.aspx?search=120416"">search by code</a></li></ul>",BIBS,Pacifier,"BIBS,Pacifier,AICO,Latex",FALSE,Size,2,,,,,BIB000096,,,,deny,manual,21.87,,TRUE,TRUE,5713795241187,https://b2b:aico2012@e.aico.com.pl/Obrazki/BIB000096_5713795241187_2_BIBS_COLOUR_PACK_Rnd_Latex_S2_Blossom_DuskyLilac_2000x2000%20(600%20x%20600).jpg,BIBS Smoczek 2 Pak Latex Róż/Fiolet - Size 2
bibs-smoczek-2-pak-latex-roz-wanilia-swiecacy,BIBS Smoczek 2 Pak Latex Róż/Wanilia Świecący,"<p>BIBS Smoczek 2 Pak Latex Róż/Wanilia Świecący prepared from the AICO B2B catalog for Shopify import.</p><ul><li>Brand: BIBS</li><li>Category: Pacifier</li><li>Material: Latex</li><li>Available sizes: 1, 2, 3</li></ul><p>Original AICO links:</p><ul><li>Size 1: <a href=""https://e.aico.com.pl/ProduktySzczegoly.aspx?id_artykulu=Qvf_GsOAS-bhtXxcRJz0kQ"">detail</a> | <a href=""https://e.aico.com.pl/ProduktyWyszukiwanie.aspx?search=110243"">search by code</a></li><li>Size 2: <a href=""https://e.aico.com.pl/ProduktySzczegoly.aspx?id_artykulu=ouFerewLpxGRaXr3iOk94Q"">detail</a> | <a href=""https://e.aico.com.pl/ProduktyWyszukiwanie.aspx?search=120243"">search by code</a></li><li>Size 3: <a href=""https://e.aico.com.pl/ProduktySzczegoly.aspx?id_artykulu=x26maCA8CMt0PIfF6j3JQw"">detail</a> | <a href=""https://e.aico.com.pl/ProduktyWyszukiwanie.aspx?search=130243"">search by code</a></li></ul>",BIBS,Pacifier,"BIBS,Pacifier,AICO,Latex",FALSE,Size,1,,,,,BIB000104,,,,deny,manual,23.92,,TRUE,TRUE,5713795210015,https://b2b:aico2012@e.aico.com.pl/Obrazki/BIB000104_110243f%20(458%20x%20458).jpg,BIBS Smoczek 2 Pak Latex Róż/Wanilia Świecący - Size 1
bibs-smoczek-2-pak-latex-roz-wanilia-swiecacy,,,,,,,Size,2,,,,,BIB000100,,,,deny,manual,23.92,,TRUE,TRUE,5713795220014,https://b2b:aico2012@e.aico.com.pl/Obrazki/BIB000100_120243%20(458%20x%20458).jpg,BIBS Smoczek 2 Pak Latex Róż/Wanilia Świecący - Size 2
bibs-smoczek-2-pak-latex-roz-wanilia-swiecacy,,,,,,,Size,3,,,,,BIB000093,,,,deny,manual,23.92,,TRUE,TRUE,5713795200986,https://b2b:aico2012@e.aico.com.pl/Obrazki/BIB000093_130243%20(600%20x%20600).jpg,BIBS Smoczek 2 Pak Latex Róż/Wanilia Świecący - Size 3
bibs-smoczek-2-pak-latex-symetryczny-kosc-sloniowa-roz,BIBS Smoczek 2 Pak Latex Symetryczny Kość Słoniowa/Róż,"<p>BIBS Smoczek 2 Pak Latex Symetryczny Kość Słoniowa/Róż prepared from the AICO B2B catalog for Shopify import.</p><ul><li>Brand: BIBS</li><li>Category: Pacifier</li><li>Material: Latex</li><li>Available sizes: 1, 2</li></ul><p>Original AICO links:</p><ul><li>Size 1: <a href=""https://e.aico.com.pl/ProduktySzczegoly.aspx?id_artykulu=kkpexcIaS8oYKi2rAs7kSA"">detail</a> | <a href=""https://e.aico.com.pl/ProduktyWyszukiwanie.aspx?search=2121417"">search by code</a></li><li>Size 2: <a href=""https://e.aico.com.pl/ProduktySzczegoly.aspx?id_artykulu=0MaU-nOm6yXOd7dzovr77w"">detail</a> | <a href=""https://e.aico.com.pl/ProduktyWyszukiwanie.aspx?search=2221417"">search by code</a></li></ul>",BIBS,Pacifier,"BIBS,Pacifier,AICO,Latex",FALSE,Size,1,,,,,BIB000070,,,,deny,manual,21.87,,TRUE,TRUE,5713795242382,https://b2b:aico2012@e.aico.com.pl/Obrazki/BIB000070_5713795242382_2_BIBS_COLOUR_PACK_Sym_Latex_Ivory_Blush_2000x2000%20(600%20x%20600).jpg,BIBS Smoczek 2 Pak Latex Symetryczny Kość Słoniowa/Róż - Size 1
bibs-smoczek-2-pak-latex-symetryczny-kosc-sloniowa-roz,,,,,,,Size,2,,,,,BIB000068,,,,deny,manual,21.87,,TRUE,TRUE,5713795242399,https://b2b:aico2012@e.aico.com.pl/Obrazki/BIB000068_5713795242399_2_BIBS_COLOUR_PACK_Sym_Latex_Ivory_Blush_2000x2000%20(600%20x%20600).jpg,BIBS Smoczek 2 Pak Latex Symetryczny Kość Słoniowa/Róż - Size 2
bibs-smoczek-2-pak-latex-symetryczny-kosc-sloniowa-szalwia,BIBS Smoczek 2 Pak Latex Symetryczny Kość Słoniowa/Szałwia,"<p>BIBS Smoczek 2 Pak Latex Symetryczny Kość Słoniowa/Szałwia prepared from the AICO B2B catalog for Shopify import.</p><ul><li>Brand: BIBS</li><li>Category: Pacifier</li><li>Material: Latex</li><li>Available sizes: 1, 2</li></ul><p>Original AICO links:</p><ul><li>Size 1: <a href=""https://e.aico.com.pl/ProduktySzczegoly.aspx?id_artykulu=5guavpCSBGcw0QuYJES54w"">detail</a> | <a href=""https://e.aico.com.pl/ProduktyWyszukiwanie.aspx?search=2121416"">search by code</a></li><li>Size 2: <a href=""https://e.aico.com.pl/ProduktySzczegoly.aspx?id_artykulu=V3AHVqILh1HKdJFLJuvSjQ"">detail</a> | <a href=""https://e.aico.com.pl/ProduktyWyszukiwanie.aspx?search=2221416"">search by code</a></li></ul>",BIBS,Pacifier,"BIBS,Pacifier,AICO,Latex",FALSE,Size,1,,,,,BIB000069,,,,deny,manual,21.87,,TRUE,TRUE,5713795242344,https://b2b:aico2012@e.aico.com.pl/Obrazki/BIB000069_5713795242344_2_BIBS_COLOUR_PACK_Sym_Latex_Ivory_Sage_2000x2000%20(600%20x%20600).jpg,BIBS Smoczek 2 Pak Latex Symetryczny Kość Słoniowa/Szałwia - Size 1
bibs-smoczek-2-pak-latex-symetryczny-kosc-sloniowa-szalwia,,,,,,,Size,2,,,,,BIB000067,,,,deny,manual,21.87,,TRUE,TRUE,5713795242351,https://b2b:aico2012@e.aico.com.pl/Obrazki/BIB000067_5713795242351_2_BIBS_COLOUR_PACK_Sym_Latex_Ivory_Sage_2000x2000%20(600%20x%20600).jpg,BIBS Smoczek 2 Pak Latex Symetryczny Kość Słoniowa/Szałwia - Size 2
bibs-smoczek-2-pak-latex-symetryczny-wanilia-pine,BIBS Smoczek 2 Pak Latex Symetryczny Wanilia/Pine,"<p>BIBS Smoczek 2 Pak Latex Symetryczny Wanilia/Pine prepared from the AICO B2B catalog for Shopify import.</p><ul><li>Brand: BIBS</li><li>Category: Pacifier</li><li>Material: Latex</li><li>Available sizes: 2</li></ul><p>Original AICO links:</p><ul><li>Size 2: <a href=""https://e.aico.com.pl/ProduktySzczegoly.aspx?id_artykulu=j209lssGAATc8i2nO-FxYg"">detail</a> | <a href=""https://e.aico.com.pl/ProduktyWyszukiwanie.aspx?search=2221428"">search by code</a></li></ul>",BIBS,Pacifier,"BIBS,Pacifier,AICO,Latex",FALSE,Size,2,,,,,BIB000066,,,,deny,manual,21.87,,TRUE,TRUE,5713795252817,https://b2b:aico2012@e.aico.com.pl/Obrazki/BIB000066_5713795252817_2_BIBS_COLOUR_PACK_Sym_Latex_Vanilla_Pine_2000x2000%20(600%20x%20600).jpg,BIBS Smoczek 2 Pak Latex Symetryczny Wanilia/Pine - Size 2
bibs-smoczek-2-pak-latex-szary-baby-blue-swiecacy,BIBS Smoczek 2 Pak Latex Szary/Baby Blue Świecący,"<p>BIBS Smoczek 2 Pak Latex Szary/Baby Blue Świecący prepared from the AICO B2B catalog for Shopify import.</p><ul><li>Brand: BIBS</li><li>Category: Pacifier</li><li>Material: Latex</li><li>Available sizes: 1, 2, 3</li></ul><p>Original AICO links:</p><ul><li>Size 1: <a href=""https://e.aico.com.pl/ProduktySzczegoly.aspx?id_artykulu=2Nc39mVS2VKkpjWGTIAPGA"">detail</a> | <a href=""https://e.aico.com.pl/ProduktyWyszukiwanie.aspx?search=110266"">search by code</a></li><li>Size 2: <a href=""https://e.aico.com.pl/ProduktySzczegoly.aspx?id_artykulu=nF7MI42bcMAmmqEtO-en8g"">detail</a> | <a href=""https://e.aico.com.pl/ProduktyWyszukiwanie.aspx?search=120266"">search by code</a></li><li>Size 3: <a href=""https://e.aico.com.pl/ProduktySzczegoly.aspx?id_artykulu=ZFyQqb54F12a0T340HnOnQ"">detail</a> | <a href=""https://e.aico.com.pl/ProduktyWyszukiwanie.aspx?search=130369"">search by code</a></li></ul>",BIBS,Pacifier,"BIBS,Pacifier,AICO,Latex",FALSE,Size,1,,,,,BIB000103,,,,deny,manual,23.92,,TRUE,TRUE,5713795198917,https://b2b:aico2012@e.aico.com.pl/Obrazki/BIB000103_gri%20(480%20x%20600).jpg,BIBS Smoczek 2 Pak Latex Szary/Baby Blue Świecący - Size 1
bibs-smoczek-2-pak-latex-szary-baby-blue-swiecacy,,,,,,,Size,2,,,,,BIB000098,,,,deny,manual,21.87,,TRUE,TRUE,5713795198924,https://b2b:aico2012@e.aico.com.pl/Obrazki/BIB000098_gri%20(480%20x%20600).jpg,BIBS Smoczek 2 Pak Latex Szary/Baby Blue Świecący - Size 2
bibs-smoczek-2-pak-latex-szary-baby-blue-swiecacy,,,,,,,Size,3,,,,,BIB000092,,,,deny,manual,23.92,,TRUE,TRUE,5713795262519,https://b2b:aico2012@e.aico.com.pl/Obrazki/BIB000092_5713795262519_2_BIBS_Pacifier_Colour_Pack_Iron%20Glow_BabyBlue%20Glow_2000x2000%20(600%20x%20600).jpg,BIBS Smoczek 2 Pak Latex Szary/Baby Blue Świecący - Size 3
bibs-smoczek-boheme-2-pak-latex-kosc-sloniowa-szalwia,BIBS Smoczek Boheme 2 Pak Latex Kość Słoniowa/Szałwia,"<p>BIBS Smoczek Boheme 2 Pak Latex Kość Słoniowa/Szałwia prepared from the AICO B2B catalog for Shopify import.</p><ul><li>Brand: BIBS</li><li>Category: Pacifier</li><li>Material: Latex</li><li>Available sizes: 1, 2</li></ul><p>Original AICO links:</p><ul><li>Size 1: <a href=""https://e.aico.com.pl/ProduktySzczegoly.aspx?id_artykulu=O4wePTN149Krjbk3nDW0YA"">detail</a> | <a href=""https://e.aico.com.pl/ProduktyWyszukiwanie.aspx?search=230101"">search by code</a></li><li>Size 2: <a href=""https://e.aico.com.pl/ProduktySzczegoly.aspx?id_artykulu=2L9bujU7oGmb8Pjt2gUJrg"">detail</a> | <a href=""https://e.aico.com.pl/ProduktyWyszukiwanie.aspx?search=240101"">search by code</a></li></ul>",BIBS,Pacifier,"BIBS,Pacifier,AICO,Latex",FALSE,Size,1,,,,,BIB000121,,,,deny,manual,23.92,,TRUE,TRUE,5713795229123,https://b2b:aico2012@e.aico.com.pl/Obrazki/BIB000121_230101l%20(458%20x%20458).jpg,BIBS Smoczek Boheme 2 Pak Latex Kość Słoniowa/Szałwia - Size 1
bibs-smoczek-boheme-2-pak-latex-kosc-sloniowa-szalwia,,,,,,,Size,2,,,,,BIB000119,,,,deny,manual,23.92,,TRUE,TRUE,5713795229130,https://b2b:aico2012@e.aico.com.pl/Obrazki/BIB000119_240101l%20(458%20x%20458).jpg,BIBS Smoczek Boheme 2 Pak Latex Kość Słoniowa/Szałwia - Size 2
bibs-smoczek-boheme-2-pak-latex-roz-fiolet,BIBS Smoczek Boheme 2 Pak Latex Róż/Fiolet,"<p>BIBS Smoczek Boheme 2 Pak Latex Róż/Fiolet prepared from the AICO B2B catalog for Shopify import.</p><ul><li>Brand: BIBS</li><li>Category: Pacifier</li><li>Material: Latex</li><li>Available sizes: 1, 2</li></ul><p>Original AICO links:</p><ul><li>Size 1: <a href=""https://e.aico.com.pl/ProduktySzczegoly.aspx?id_artykulu=HLU1CS53cxsrMK37PBrZ-g"">detail</a> | <a href=""https://e.aico.com.pl/ProduktyWyszukiwanie.aspx?search=230104"">search by code</a></li><li>Size 2: <a href=""https://e.aico.com.pl/ProduktySzczegoly.aspx?id_artykulu=32nKiS5NBdVoWH2JuT1XCQ"">detail</a> | <a href=""https://e.aico.com.pl/ProduktyWyszukiwanie.aspx?search=240104"">search by code</a></li></ul>",BIBS,Pacifier,"BIBS,Pacifier,AICO,Latex",FALSE,Size,1,,,,,BIB000122,,,,deny,manual,23.92,,TRUE,TRUE,5713795229185,https://b2b:aico2012@e.aico.com.pl/Obrazki/BIB000122_Smoczek-BIBS-Boheme-240104-6-m-Wielokolorowy-2-szt-zestaw%20(554%20x%20600).jpg,BIBS Smoczek Boheme 2 Pak Latex Róż/Fiolet - Size 1
bibs-smoczek-boheme-2-pak-latex-roz-fiolet,,,,,,,Size,2,,,,,BIB000120,,,,deny,manual,23.92,,TRUE,TRUE,5713795229192,https://b2b:aico2012@e.aico.com.pl/Obrazki/BIB000120_Smoczek-BIBS-Boheme-240104-6-m-Wielokolorowy-2-szt-zestaw%20(554%20x%20600).jpg,BIBS Smoczek Boheme 2 Pak Latex Róż/Fiolet - Size 2
bibs-smoczek-boheme-latex-kosc-sloniowa,BIBS Smoczek Boheme Latex Kość Słoniowa,"<p>BIBS Smoczek Boheme Latex Kość Słoniowa prepared from the AICO B2B catalog for Shopify import.</p><ul><li>Brand: BIBS</li><li>Category: Pacifier</li><li>Material: Latex</li><li>Available sizes: 1</li></ul><p>Original AICO links:</p><ul><li>Size 1: <a href=""https://e.aico.com.pl/ProduktySzczegoly.aspx?id_artykulu=ncMo7xBrMqJLG6cxcybPHg"">detail</a> | <a href=""https://e.aico.com.pl/ProduktyWyszukiwanie.aspx?search=2101000216"">search by code</a></li></ul>",BIBS,Pacifier,"BIBS,Pacifier,AICO,Latex",FALSE,Size,1,,,,,BIB000113,,,,deny,manual,11.79,,TRUE,TRUE,5713795263516,https://b2b:aico2012@e.aico.com.pl/Obrazki/BIB000113_5713795263516_3_BIBS_BOHEME_PACK_Rnd_Latex_Ivory_2000x2000%20(600%20x%20600).jpg,BIBS Smoczek Boheme Latex Kość Słoniowa - Size 1
bibs-smoczek-boheme-latex-szalwia,BIBS Smoczek Boheme Latex Szałwia,"<p>BIBS Smoczek Boheme Latex Szałwia prepared from the AICO B2B catalog for Shopify import.</p><ul><li>Brand: BIBS</li><li>Category: Pacifier</li><li>Material: Latex</li><li>Available sizes: 1, 2</li></ul><p>Original AICO links:</p><ul><li>Size 1: <a href=""https://e.aico.com.pl/ProduktySzczegoly.aspx?id_artykulu=NSmq_FzT6HIHSwXKOpIfBw"">detail</a> | <a href=""https://e.aico.com.pl/ProduktyWyszukiwanie.aspx?search=2101000250"">search by code</a></li><li>Size 2: <a href=""https://e.aico.com.pl/ProduktySzczegoly.aspx?id_artykulu=f5V2krym4OwGfizf4ul4pA"">detail</a> | <a href=""https://e.aico.com.pl/ProduktyWyszukiwanie.aspx?search=2202000250"">search by code</a></li></ul>",BIBS,Pacifier,"BIBS,Pacifier,AICO,Latex",FALSE,Size,1,,,,,BIB000117,,,,deny,manual,11.79,,TRUE,TRUE,5713795263387,https://b2b:aico2012@e.aico.com.pl/Obrazki/BIB000117_5713795263387_3_BIBS_BOHEME_PACK_Rnd_Latex_Sage_2000x2000%20(600%20x%20600).jpg,BIBS Smoczek Boheme Latex Szałwia - Size 1
bibs-smoczek-boheme-latex-szalwia,,,,,,,Size,2,,,,,BIB000118,,,,deny,manual,11.79,,TRUE,TRUE,5713795263417,https://b2b:aico2012@e.aico.com.pl/Obrazki/BIB000118_5713795263387_3_BIBS_BOHEME_PACK_Rnd_Latex_Sage_2000x2000%20(600%20x%20600).jpg,BIBS Smoczek Boheme Latex Szałwia - Size 2
bibs-smoczek-de-lux-2-pak-silikon-roz-wanilia-swiecacy,BIBS Smoczek De Lux 2 Pak Silikon Róż/Wanilia Świecący,"<p>BIBS Smoczek De Lux 2 Pak Silikon Róż/Wanilia Świecący prepared from the AICO B2B catalog for Shopify import.</p><ul><li>Brand: BIBS</li><li>Category: Pacifier</li><li>Material: Silicone</li><li>Available sizes: Default</li></ul><p>Original AICO links:</p><ul><li>BIB000064: <a href=""https://e.aico.com.pl/ProduktySzczegoly.aspx?id_artykulu=Xkpidljl40NQmiu0zHRA_Q"">detail</a> | <a href=""https://e.aico.com.pl/ProduktyWyszukiwanie.aspx?search=150216"">search by code</a></li></ul>",BIBS,Pacifier,"BIBS,Pacifier,AICO,Silicone",FALSE,Title,Default Title,,,,,BIB000064,,,,deny,manual,23.92,,TRUE,TRUE,5713795200610,https://b2b:aico2012@e.aico.com.pl/Obrazki/BIB000064_150216l%20(458%20x%20458).jpg,BIBS Smoczek De Lux 2 Pak Silikon Róż/Wanilia Świecący
bibs-smoczek-de-lux-2-pak-silikon-szalwia-bez-swiecacy,BIBS Smoczek De Lux 2 Pak Silikon Szałwia/Beż Świecący,"<p>BIBS Smoczek De Lux 2 Pak Silikon Szałwia/Beż Świecący prepared from the AICO B2B catalog for Shopify import.</p><ul><li>Brand: BIBS</li><li>Category: Pacifier</li><li>Material: Silicone</li><li>Available sizes: Default</li></ul><p>Original AICO links:</p><ul><li>BIB000065: <a href=""https://e.aico.com.pl/ProduktySzczegoly.aspx?id_artykulu=ofmLaS5x57kY_YlLil5d6Q"">detail</a> | <a href=""https://e.aico.com.pl/ProduktyWyszukiwanie.aspx?search=150217"">search by code</a></li></ul>",BIBS,Pacifier,"BIBS,Pacifier,AICO,Silicone",FALSE,Title,Default Title,,,,,BIB000065,,,,deny,manual,23.92,,TRUE,TRUE,5713795200627,"https://b2b:aico2012@e.aico.com.pl/Obrazki/BIB000065_71Kl6Lgbk9L._UF1000,1000_QL80_%20(600%20x%20600).jpg",BIBS Smoczek De Lux 2 Pak Silikon Szałwia/Beż Świecący
bibs-smoczek-latex-baby-blue,BIBS Smoczek Latex Baby Blue,"<p>BIBS Smoczek Latex Baby Blue prepared from the AICO B2B catalog for Shopify import.</p><ul><li>Brand: BIBS</li><li>Category: Pacifier</li><li>Material: Latex</li><li>Available sizes: 1, 2</li></ul><p>Original AICO links:</p><ul><li>Size 1: <a href=""https://e.aico.com.pl/ProduktySzczegoly.aspx?id_artykulu=atx9LMNWRiVlqNLTWkRDoQ"">detail</a> | <a href=""https://e.aico.com.pl/ProduktyWyszukiwanie.aspx?search=1001000231"">search by code</a></li><li>Size 2: <a href=""https://e.aico.com.pl/ProduktySzczegoly.aspx?id_artykulu=YvXW0M9llZyKwT4Mjm0DDg"">detail</a> | <a href=""https://e.aico.com.pl/ProduktyWyszukiwanie.aspx?search=2002000231"">search by code</a></li></ul>",BIBS,Pacifier,"BIBS,Pacifier,AICO,Latex",FALSE,Size,1,,,,,BIB000086,,,,deny,manual,10.82,,TRUE,TRUE,5713795262717,https://b2b:aico2012@e.aico.com.pl/Obrazki/BIB000086_5713795262717_3_BIBS_Colour_1pack_rnd_LTX_S1_BabyBlue_2000x2000%20(600%20x%20600).jpg,BIBS Smoczek Latex Baby Blue - Size 1
bibs-smoczek-latex-baby-blue,,,,,,,Size,2,,,,,BIB000080,,,,deny,manual,10.82,,TRUE,TRUE,5713795262793,https://b2b:aico2012@e.aico.com.pl/Obrazki/BIB000080_2002000231%20(458%20x%20458).jpg,BIBS Smoczek Latex Baby Blue - Size 2
bibs-smoczek-latex-kosc-sloniowa,BIBS Smoczek Latex Kość Słoniowa,"<p>BIBS Smoczek Latex Kość Słoniowa prepared from the AICO B2B catalog for Shopify import.</p><ul><li>Brand: BIBS</li><li>Category: Pacifier</li><li>Material: Latex</li><li>Available sizes: 1, 2</li></ul><p>Original AICO links:</p><ul><li>Size 1: <a href=""https://e.aico.com.pl/ProduktySzczegoly.aspx?id_artykulu=aAwpZoWC95TljSHV7KbcoQ"">detail</a> | <a href=""https://e.aico.com.pl/ProduktyWyszukiwanie.aspx?search=1001000216"">search by code</a></li><li>Size 2: <a href=""https://e.aico.com.pl/ProduktySzczegoly.aspx?id_artykulu=MLsURzwOl1e2Agh58Co3Fw"">detail</a> | <a href=""https://e.aico.com.pl/ProduktyWyszukiwanie.aspx?search=2002000216"">search by code</a></li></ul>",BIBS,Pacifier,"BIBS,Pacifier,AICO,Latex",FALSE,Size,1,,,,,BIB000084,,,,deny,manual,10.82,,TRUE,TRUE,5713795262700,https://b2b:aico2012@e.aico.com.pl/Obrazki/BIB000084_5713795262700_3_BIBS_COLOUR_PACK_Rnd_Latex_S1_Ivory_2000x2000%20(600%20x%20600).jpg,BIBS Smoczek Latex Kość Słoniowa - Size 1
bibs-smoczek-latex-kosc-sloniowa,,,,,,,Size,2,,,,,BIB000076,,,,deny,manual,10.82,,TRUE,TRUE,5713795262786,https://b2b:aico2012@e.aico.com.pl/Obrazki/BIB000076_2002000216%20(458%20x%20458).jpg,BIBS Smoczek Latex Kość Słoniowa - Size 2
bibs-smoczek-latex-roz-swiecacy,BIBS Smoczek Latex Róż Świecący,"<p>BIBS Smoczek Latex Róż Świecący prepared from the AICO B2B catalog for Shopify import.</p><ul><li>Brand: BIBS</li><li>Category: Pacifier</li><li>Material: Latex</li><li>Available sizes: 2</li></ul><p>Original AICO links:</p><ul><li>Size 2: <a href=""https://e.aico.com.pl/ProduktySzczegoly.aspx?id_artykulu=thm5TLV9wy7tvwdQOqMeNg"">detail</a> | <a href=""https://e.aico.com.pl/ProduktyWyszukiwanie.aspx?search=2002000256"">search by code</a></li></ul>",BIBS,Pacifier,"BIBS,Pacifier,AICO,Latex",FALSE,Size,2,,,,,BIB000077,,,,deny,manual,11.79,,TRUE,TRUE,5713795262830,https://b2b:aico2012@e.aico.com.pl/Obrazki/BIB000077_5713795262830_3_BIBS_Colour_1pack_rnd_LTX_BlushGLOW_2000x2000%20(600%20x%20600).jpg,BIBS Smoczek Latex Róż Świecący - Size 2
bibs-smoczek-latex-szalwia,BIBS Smoczek Latex Szałwia,"<p>BIBS Smoczek Latex Szałwia prepared from the AICO B2B catalog for Shopify import.</p><ul><li>Brand: BIBS</li><li>Category: Pacifier</li><li>Material: Latex</li><li>Available sizes: 1, 2</li></ul><p>Original AICO links:</p><ul><li>Size 1: <a href=""https://e.aico.com.pl/ProduktySzczegoly.aspx?id_artykulu=l-nl6JSsg9gWCqoYyq-fRQ"">detail</a> | <a href=""https://e.aico.com.pl/ProduktyWyszukiwanie.aspx?search=1001000250"">search by code</a></li><li>Size 2: <a href=""https://e.aico.com.pl/ProduktySzczegoly.aspx?id_artykulu=bxI766SalKeLTZqDTZ1xbg"">detail</a> | <a href=""https://e.aico.com.pl/ProduktyWyszukiwanie.aspx?search=2002000250"">search by code</a></li></ul>",BIBS,Pacifier,"BIBS,Pacifier,AICO,Latex",FALSE,Size,1,,,,,BIB000083,,,,deny,manual,10.82,,TRUE,TRUE,5713795262748,https://b2b:aico2012@e.aico.com.pl/Obrazki/BIB000083_100250%20(600%20x%20600).jpg,BIBS Smoczek Latex Szałwia - Size 1
bibs-smoczek-latex-szalwia,,,,,,,Size,2,,,,,BIB000075,,,,deny,manual,10.82,,TRUE,TRUE,5713795262823,https://b2b:aico2012@e.aico.com.pl/Obrazki/BIB000075_5713795262823_3_BIBS_COLOUR_PACK_Rnd_Latex_S2_Sage_2000x2000%20(600%20x%20600).jpg,BIBS Smoczek Latex Szałwia - Size 2
bibs-smoczek-latex-szalwia-swiecacy,BIBS Smoczek Latex Szałwia Świecący,"<p>BIBS Smoczek Latex Szałwia Świecący prepared from the AICO B2B catalog for Shopify import.</p><ul><li>Brand: BIBS</li><li>Category: Pacifier</li><li>Material: Latex</li><li>Available sizes: 1, 2</li></ul><p>Original AICO links:</p><ul><li>Size 1: <a href=""https://e.aico.com.pl/ProduktySzczegoly.aspx?id_artykulu=C9uNhm4kG_bkqSxvTgp0sA"">detail</a> | <a href=""https://e.aico.com.pl/ProduktyWyszukiwanie.aspx?search=1001000270"">search by code</a></li><li>Size 2: <a href=""https://e.aico.com.pl/ProduktySzczegoly.aspx?id_artykulu=vG_UkPTdaYeONEHMLqzZ7A"">detail</a> | <a href=""https://e.aico.com.pl/ProduktyWyszukiwanie.aspx?search=2002000270"">search by code</a></li></ul>",BIBS,Pacifier,"BIBS,Pacifier,AICO,Latex",FALSE,Size,1,,,,,BIB000082,,,,deny,manual,11.79,,TRUE,TRUE,5713795262779,https://b2b:aico2012@e.aico.com.pl/Obrazki/BIB000082_5713795262779_3_BIBS_Pacifier_Colour_Pack_S1_Sage%20Glow_2000x2000%20(600%20x%20600).jpg,BIBS Smoczek Latex Szałwia Świecący - Size 1
bibs-smoczek-latex-szalwia-swiecacy,,,,,,,Size,2,,,,,BIB000074,,,,deny,manual,11.79,,TRUE,TRUE,5713795262861,https://b2b:aico2012@e.aico.com.pl/Obrazki/BIB000074_5713795262861_3_BIBS_Pacifier_Colour_Pack_Sage%20Glow_2000x2000%20(600%20x%20600).jpg,BIBS Smoczek Latex Szałwia Świecący - Size 2
bibs-smoczek-latex-wanilia,BIBS Smoczek Latex Wanilia,"<p>BIBS Smoczek Latex Wanilia prepared from the AICO B2B catalog for Shopify import.</p><ul><li>Brand: BIBS</li><li>Category: Pacifier</li><li>Material: Latex</li><li>Available sizes: 1, 2</li></ul><p>Original AICO links:</p><ul><li>Size 1: <a href=""https://e.aico.com.pl/ProduktySzczegoly.aspx?id_artykulu=50J8ayQYMror4W3BSGIxTQ"">detail</a> | <a href=""https://e.aico.com.pl/ProduktyWyszukiwanie.aspx?search=1001000245"">search by code</a></li><li>Size 2: <a href=""https://e.aico.com.pl/ProduktySzczegoly.aspx?id_artykulu=nb-Pkh0bZalhjFL4QbqcJA"">detail</a> | <a href=""https://e.aico.com.pl/ProduktyWyszukiwanie.aspx?search=2002000245"">search by code</a></li></ul>",BIBS,Pacifier,"BIBS,Pacifier,AICO,Latex",FALSE,Size,1,,,,,BIB000081,,,,deny,manual,10.82,,TRUE,TRUE,5713795262731,https://b2b:aico2012@e.aico.com.pl/Obrazki/BIB000081_5713795262731_2_BIBS_COLOUR_Vanilla_2000x2000%20(600%20x%20600).jpg,BIBS Smoczek Latex Wanilia - Size 1
bibs-smoczek-latex-wanilia,,,,,,,Size,2,,,,,BIB000073,,,,deny,manual,10.82,,TRUE,TRUE,5713795262816,https://b2b:aico2012@e.aico.com.pl/Obrazki/BIB000073_5713795262816_3_BIBS_Colour_1pack_rnd_LTX_S2_Vanilla_2000x2000%20(600%20x%20600).jpg,BIBS Smoczek Latex Wanilia - Size 2
bibs-smoczek-liberty-pacifier-kolor-2-pak-latex-roz,BIBS Smoczek Liberty Pacifier Kolor 2 Pak Latex Róż,"<p>BIBS Smoczek Liberty Pacifier Kolor 2 Pak Latex Róż prepared from the AICO B2B catalog for Shopify import.</p><ul><li>Brand: BIBS</li><li>Category: Pacifier</li><li>Material: Latex</li><li>Available sizes: 1, 2</li></ul><p>Original AICO links:</p><ul><li>Size 1: <a href=""https://e.aico.com.pl/ProduktySzczegoly.aspx?id_artykulu=vurVkjAeOdKj7QdA5_dD1A"">detail</a> | <a href=""https://e.aico.com.pl/ProduktyWyszukiwanie.aspx?search=11011102"">search by code</a></li><li>Size 2: <a href=""https://e.aico.com.pl/ProduktySzczegoly.aspx?id_artykulu=LGVS3CHrkvFEY387ln6pug"">detail</a> | <a href=""https://e.aico.com.pl/ProduktyWyszukiwanie.aspx?search=12011102"">search by code</a></li></ul>",BIBS,Pacifier,"BIBS,Pacifier,AICO,Latex",FALSE,Size,1,,,,,BIB000054,,,,deny,manual,25.85,,TRUE,TRUE,5713795243068,https://b2b:aico2012@e.aico.com.pl/Obrazki/BIB000054_11102%20(458%20x%20458).jpg,BIBS Smoczek Liberty Pacifier Kolor 2 Pak Latex Róż - Size 1
bibs-smoczek-liberty-pacifier-kolor-2-pak-latex-roz,,,,,,,Size,2,,,,,BIB000052,,,,deny,manual,25.85,,TRUE,TRUE,5713795243075,https://b2b:aico2012@e.aico.com.pl/Obrazki/BIB000052_12011102%20(458%20x%20458).jpg,BIBS Smoczek Liberty Pacifier Kolor 2 Pak Latex Róż - Size 2
bibs-smoczek-liberty-pacifier-kolor-2-pak-latex-symetryczny-capel-blush-mix,BIBS Smoczek Liberty Pacifier Kolor 2 Pak Latex Symetryczny Capel Blush Mix,"<p>BIBS Smoczek Liberty Pacifier Kolor 2 Pak Latex Symetryczny Capel Blush Mix prepared from the AICO B2B catalog for Shopify import.</p><ul><li>Brand: BIBS</li><li>Category: Pacifier</li><li>Material: Latex</li><li>Available sizes: 1, 2</li></ul><p>Original AICO links:</p><ul><li>Size 1: <a href=""https://e.aico.com.pl/ProduktySzczegoly.aspx?id_artykulu=LjOkqa1LtjwKAbCa9mEmZQ"">detail</a> | <a href=""https://e.aico.com.pl/ProduktyWyszukiwanie.aspx?search=212110101"">search by code</a></li><li>Size 2: <a href=""https://e.aico.com.pl/ProduktySzczegoly.aspx?id_artykulu=SzY9OXOyyFUSMNZRqUJ6OQ"">detail</a> | <a href=""https://e.aico.com.pl/ProduktyWyszukiwanie.aspx?search=222110101"">search by code</a></li></ul>",BIBS,Pacifier,"BIBS,Pacifier,AICO,Latex",FALSE,Size,1,,,,,BIB000050,,,,deny,manual,25.85,,TRUE,TRUE,5713795255764,https://b2b:aico2012@e.aico.com.pl/Obrazki/BIB000050_5713795255764_2_BIBSxLIBERTY_COLOUR_PACK_Sym_Latex_Capel_BlushMix%20(600%20x%20600).jpg,BIBS Smoczek Liberty Pacifier Kolor 2 Pak Latex Symetryczny Capel Blush Mix - Size 1
bibs-smoczek-liberty-pacifier-kolor-2-pak-latex-symetryczny-capel-blush-mix,,,,,,,Size,2,,,,,BIB000139,,,,deny,manual,25.85,,TRUE,TRUE,5713795256082,https://b2b:aico2012@e.aico.com.pl/Obrazki/BIB000139_11010101_5713795242962_BIBS_Liberty_COLOUR_PACK_Capel_Blush_Mix_2_1000x1000_d9fb9044-8655-4287-8.jpg,BIBS Smoczek Liberty Pacifier Kolor 2 Pak Latex Symetryczny Capel Blush Mix - Size 2
bibs-smoczek-liberty-pacifier-kolor-2-pak-latex-symetryczny-chamomile-lawn-violet-sky-mix,BIBS Smoczek Liberty Pacifier Kolor 2 Pak Latex Symetryczny Chamomile Lawn/Violet Sky Mix,"<p>BIBS Smoczek Liberty Pacifier Kolor 2 Pak Latex Symetryczny Chamomile Lawn/Violet Sky Mix prepared from the AICO B2B catalog for Shopify import.</p><ul><li>Brand: BIBS</li><li>Category: Pacifier</li><li>Material: Latex</li><li>Available sizes: 1, 2</li></ul><p>Original AICO links:</p><ul><li>Size 1: <a href=""https://e.aico.com.pl/ProduktySzczegoly.aspx?id_artykulu=2SyVXG9t9ETS1fu1a-WL_A"">detail</a> | <a href=""https://e.aico.com.pl/ProduktyWyszukiwanie.aspx?search=212112101"">search by code</a></li><li>Size 2: <a href=""https://e.aico.com.pl/ProduktySzczegoly.aspx?id_artykulu=8NBuSH80m-3JN-6ezm-YEA"">detail</a> | <a href=""https://e.aico.com.pl/ProduktyWyszukiwanie.aspx?search=222112101"">search by code</a></li></ul>",BIBS,Pacifier,"BIBS,Pacifier,AICO,Latex",FALSE,Size,1,,,,,BIB000049,,,,deny,manual,25.85,,TRUE,TRUE,5713795255801,https://b2b:aico2012@e.aico.com.pl/Obrazki/BIB000049_5713795255801_2_BIBSxLIBERTY_COLOUR_PACK_Sym_Latex_ChamomileLawn_VioletSkyMix%20(600%20x%20600).jpg,BIBS Smoczek Liberty Pacifier Kolor 2 Pak Latex Symetryczny Chamomile Lawn/Violet Sky Mix - Size 1
bibs-smoczek-liberty-pacifier-kolor-2-pak-latex-symetryczny-chamomile-lawn-violet-sky-mix,,,,,,,Size,2,,,,,BIB000048,,,,deny,manual,25.85,,TRUE,TRUE,5713795256129,https://b2b:aico2012@e.aico.com.pl/Obrazki/BIB000048_5713795256129_2_BIBSxLIBERTY_COLOUR_PACK_Sym_Latex_ChamomileLawn_VioletSkyMix%20(600%20x%20600).jpg,BIBS Smoczek Liberty Pacifier Kolor 2 Pak Latex Symetryczny Chamomile Lawn/Violet Sky Mix - Size 2
bibs-smoczek-liberty-pacifier-kolor-2-pak-latex-szalwia,BIBS Smoczek Liberty Pacifier Kolor 2 Pak Latex Szałwia,"<p>BIBS Smoczek Liberty Pacifier Kolor 2 Pak Latex Szałwia prepared from the AICO B2B catalog for Shopify import.</p><ul><li>Brand: BIBS</li><li>Category: Pacifier</li><li>Material: Latex</li><li>Available sizes: 1, 2</li></ul><p>Original AICO links:</p><ul><li>Size 1: <a href=""https://e.aico.com.pl/ProduktySzczegoly.aspx?id_artykulu=POvi4259YwzClelrIKCBeQ"">detail</a> | <a href=""https://e.aico.com.pl/ProduktyWyszukiwanie.aspx?search=11011103"">search by code</a></li><li>Size 2: <a href=""https://e.aico.com.pl/ProduktySzczegoly.aspx?id_artykulu=lesUdrdaNAFUujTJe7TPZQ"">detail</a> | <a href=""https://e.aico.com.pl/ProduktyWyszukiwanie.aspx?search=12011103"">search by code</a></li></ul>",BIBS,Pacifier,"BIBS,Pacifier,AICO,Latex",FALSE,Size,1,,,,,BIB000053,,,,deny,manual,25.85,,TRUE,TRUE,5713795243082,https://b2b:aico2012@e.aico.com.pl/Obrazki/BIB000053_11103%20(458%20x%20458).jpg,BIBS Smoczek Liberty Pacifier Kolor 2 Pak Latex Szałwia - Size 1
bibs-smoczek-liberty-pacifier-kolor-2-pak-latex-szalwia,,,,,,,Size,2,,,,,BIB000051,,,,deny,manual,25.85,,TRUE,TRUE,5713795243099,https://b2b:aico2012@e.aico.com.pl/Obrazki/BIB000051_12011103%20(458%20x%20458).jpg,BIBS Smoczek Liberty Pacifier Kolor 2 Pak Latex Szałwia - Size 2
bibs-smoczek-muminki-marzacy-2-pak-latex-baby-pink,BIBS Smoczek Muminki Marzący 2 Pak Latex Baby Pink,"<p>BIBS Smoczek Muminki Marzący 2 Pak Latex Baby Pink prepared from the AICO B2B catalog for Shopify import.</p><ul><li>Brand: BIBS</li><li>Category: Pacifier</li><li>Material: Latex</li><li>Available sizes: 1, 2</li></ul><p>Original AICO links:</p><ul><li>Size 1: <a href=""https://e.aico.com.pl/ProduktySzczegoly.aspx?id_artykulu=MM7Si4hYX4Ji2-y-4Fx3YQ"">detail</a> | <a href=""https://e.aico.com.pl/ProduktyWyszukiwanie.aspx?search=11033101"">search by code</a></li><li>Size 2: <a href=""https://e.aico.com.pl/ProduktySzczegoly.aspx?id_artykulu=9txA3V63J_2VV1UbbhKR7Q"">detail</a> | <a href=""https://e.aico.com.pl/ProduktyWyszukiwanie.aspx?search=12033101"">search by code</a></li></ul>",BIBS,Pacifier,"BIBS,Pacifier,AICO,Latex",FALSE,Size,1,,,,,BIB000131,,,,deny,manual,23.92,,TRUE,TRUE,5713795273416,https://b2b:aico2012@e.aico.com.pl/Obrazki/BIB000131_11033101_5713795273416_BIBS_Moomins_Colour_2pack_rnd_LTX_S1_Dreaming_BabyPink_Hush_Mix_1_2000x20.jpg,BIBS Smoczek Muminki Marzący 2 Pak Latex Baby Pink - Size 1
bibs-smoczek-muminki-marzacy-2-pak-latex-baby-pink,,,,,,,Size,2,,,,,BIB000135,,,,deny,manual,23.92,,TRUE,TRUE,5713795273461,https://b2b:aico2012@e.aico.com.pl/Obrazki/BIB000135_11033101_5713795273416_BIBS_Moomins_Colour_2pack_rnd_LTX_S1_Dreaming_BabyPink_Hush_Mix_1_2000x20.jpg,BIBS Smoczek Muminki Marzący 2 Pak Latex Baby Pink - Size 2
bibs-smoczek-muminki-nocny-2-pak-latex,BIBS Smoczek Muminki Nocny 2 Pak Latex,"<p>BIBS Smoczek Muminki Nocny 2 Pak Latex prepared from the AICO B2B catalog for Shopify import.</p><ul><li>Brand: BIBS</li><li>Category: Pacifier</li><li>Material: Latex</li><li>Available sizes: 1, 2</li></ul><p>Original AICO links:</p><ul><li>Size 1: <a href=""https://e.aico.com.pl/ProduktySzczegoly.aspx?id_artykulu=iSTlR_9V9A6Y1Focw2-aBA"">detail</a> | <a href=""https://e.aico.com.pl/ProduktyWyszukiwanie.aspx?search=11029101"">search by code</a></li><li>Size 2: <a href=""https://e.aico.com.pl/ProduktySzczegoly.aspx?id_artykulu=K0zJBUSOX8nDs_w_SkEBwA"">detail</a> | <a href=""https://e.aico.com.pl/ProduktyWyszukiwanie.aspx?search=12029101"">search by code</a></li></ul>",BIBS,Pacifier,"BIBS,Pacifier,AICO,Latex",FALSE,Size,1,,,,,BIB000128,,,,deny,manual,23.92,,TRUE,TRUE,5713795273379,https://b2b:aico2012@e.aico.com.pl/Obrazki/BIB000128_12029101_5713795273423_BIBS_Moomins_Colour_2pack_rnd_LTX_S2_Goodnight_Breeze_DeepSpace_Mix_1_200.jpg,BIBS Smoczek Muminki Nocny 2 Pak Latex - Size 1
bibs-smoczek-muminki-nocny-2-pak-latex,,,,,,,Size,2,,,,,BIB000132,,,,deny,manual,23.92,,TRUE,TRUE,5713795273423,https://b2b:aico2012@e.aico.com.pl/Obrazki/BIB000132_12029101_5713795273423_BIBS_Moomins_Colour_2pack_rnd_LTX_S2_Goodnight_Breeze_DeepSpace_Mix_1_200.jpg,BIBS Smoczek Muminki Nocny 2 Pak Latex - Size 2
bibs-smoczek-muminki-przyjaciele-2-pak-latex,BIBS Smoczek Muminki Przyjaciele 2 Pak Latex,"<p>BIBS Smoczek Muminki Przyjaciele 2 Pak Latex prepared from the AICO B2B catalog for Shopify import.</p><ul><li>Brand: BIBS</li><li>Category: Pacifier</li><li>Material: Latex</li><li>Available sizes: 1, 2</li></ul><p>Original AICO links:</p><ul><li>Size 1: <a href=""https://e.aico.com.pl/ProduktySzczegoly.aspx?id_artykulu=C6GBrxvPh7uK85BGIULQJA"">detail</a> | <a href=""https://e.aico.com.pl/ProduktyWyszukiwanie.aspx?search=11031101"">search by code</a></li><li>Size 2: <a href=""https://e.aico.com.pl/ProduktySzczegoly.aspx?id_artykulu=_jesDiDhonRzVhnkY8HqMw"">detail</a> | <a href=""https://e.aico.com.pl/ProduktyWyszukiwanie.aspx?search=12031101"">search by code</a></li></ul>",BIBS,Pacifier,"BIBS,Pacifier,AICO,Latex",FALSE,Size,1,,,,,BIB000129,,,,deny,manual,23.92,,TRUE,TRUE,5713795273393,https://b2b:aico2012@e.aico.com.pl/Obrazki/BIB000129_12031101_5713795273447_BIBS_Moomins_Colour_2pack_rnd_LTX_S2_Friends_Ivory_Sage_Mix_1_2000x2000Hi.jpg,BIBS Smoczek Muminki Przyjaciele 2 Pak Latex - Size 1
bibs-smoczek-muminki-przyjaciele-2-pak-latex,,,,,,,Size,2,,,,,BIB000133,,,,deny,manual,23.92,,TRUE,TRUE,5713795273447,https://b2b:aico2012@e.aico.com.pl/Obrazki/BIB000133_12031101_5713795273447_BIBS_Moomins_Colour_2pack_rnd_LTX_S2_Friends_Ivory_Sage_Mix_1_2000x2000Hi.jpg,BIBS Smoczek Muminki Przyjaciele 2 Pak Latex - Size 2
bibs-smoczek-muminki-tanczace-2-pak-latex-jablko,BIBS Smoczek Muminki Tańczące 2 Pak Latex Jabłko,"<p>BIBS Smoczek Muminki Tańczące 2 Pak Latex Jabłko prepared from the AICO B2B catalog for Shopify import.</p><ul><li>Brand: BIBS</li><li>Category: Pacifier</li><li>Material: Latex</li><li>Available sizes: 1, 2</li></ul><p>Original AICO links:</p><ul><li>Size 1: <a href=""https://e.aico.com.pl/ProduktySzczegoly.aspx?id_artykulu=3I4bv09sSytmNIXB7QHrQQ"">detail</a> | <a href=""https://e.aico.com.pl/ProduktyWyszukiwanie.aspx?search=11032101"">search by code</a></li><li>Size 2: <a href=""https://e.aico.com.pl/ProduktySzczegoly.aspx?id_artykulu=8WOX0o5NBCE4OZoavOSf3w"">detail</a> | <a href=""https://e.aico.com.pl/ProduktyWyszukiwanie.aspx?search=12032101"">search by code</a></li></ul>",BIBS,Pacifier,"BIBS,Pacifier,AICO,Latex",FALSE,Size,1,,,,,BIB000130,,,,deny,manual,23.92,,TRUE,TRUE,5713795273409,https://b2b:aico2012@e.aico.com.pl/Obrazki/BIB000130_11032101_5713795273409_BIBS_Moomins_Colour_2pack_rnd_LTX_S1_Dancing_CandyApple_Petal_Mix_1_2000x.jpg,BIBS Smoczek Muminki Tańczące 2 Pak Latex Jabłko - Size 1
bibs-smoczek-muminki-tanczace-2-pak-latex-jablko,,,,,,,Size,2,,,,,BIB000134,,,,deny,manual,23.92,,TRUE,TRUE,5713795273454,https://b2b:aico2012@e.aico.com.pl/Obrazki/BIB000134_11032101_5713795273409_BIBS_Moomins_Colour_2pack_rnd_LTX_S1_Dancing_CandyApple_Petal_Mix_1_2000x.jpg,BIBS Smoczek Muminki Tańczące 2 Pak Latex Jabłko - Size 2
bibs-smoczek-studio-kolor-2-pak-latex-baby-blue-dusty-blue,BIBS Smoczek Studio Kolor 2 Pak Latex Baby Blue/Dusty Blue,"<p>BIBS Smoczek Studio Kolor 2 Pak Latex Baby Blue/Dusty Blue prepared from the AICO B2B catalog for Shopify import.</p><ul><li>Brand: BIBS</li><li>Category: Pacifier</li><li>Material: Latex</li><li>Available sizes: 1, 2</li></ul><p>Original AICO links:</p><ul><li>Size 1: <a href=""https://e.aico.com.pl/ProduktySzczegoly.aspx?id_artykulu=-VyVJsL3SSGsWN8v4C6w7Q"">detail</a> | <a href=""https://e.aico.com.pl/ProduktyWyszukiwanie.aspx?search=11022103"">search by code</a></li><li>Size 2: <a href=""https://e.aico.com.pl/ProduktySzczegoly.aspx?id_artykulu=VvfAzE5Y1teGtV7cvNj-Vg"">detail</a> | <a href=""https://e.aico.com.pl/ProduktyWyszukiwanie.aspx?search=12022103"">search by code</a></li></ul>",BIBS,Pacifier,"BIBS,Pacifier,AICO,Latex",FALSE,Size,1,,,,,BIB000044,,,,deny,manual,23.92,,TRUE,TRUE,5713795267590,https://b2b:aico2012@e.aico.com.pl/Obrazki/BIB000044_5713795267590_2_BIBS_Studio_COLOUR_PACK_Rnd_Latex_Block_BabyBlueDustyBlueMix_2000x2000%20(600%20x%2060.jpg,BIBS Smoczek Studio Kolor 2 Pak Latex Baby Blue/Dusty Blue - Size 1
bibs-smoczek-studio-kolor-2-pak-latex-baby-blue-dusty-blue,,,,,,,Size,2,,,,,BIB000039,,,,deny,manual,23.92,,TRUE,TRUE,5713795267538,https://b2b:aico2012@e.aico.com.pl/Obrazki/BIB000039_5713795267538_2_BIBS_Studio_COLOUR_PACK_Rnd_Latex_Block_BabyBlueDustyBlueMix_2000x2000%20(600%20x%2060.jpg,BIBS Smoczek Studio Kolor 2 Pak Latex Baby Blue/Dusty Blue - Size 2
bibs-smoczek-studio-kolor-2-pak-latex-baby-pink-coral,BIBS Smoczek Studio Kolor 2 Pak Latex Baby Pink/Coral,"<p>BIBS Smoczek Studio Kolor 2 Pak Latex Baby Pink/Coral prepared from the AICO B2B catalog for Shopify import.</p><ul><li>Brand: BIBS</li><li>Category: Pacifier</li><li>Material: Latex</li><li>Available sizes: 1, 2</li></ul><p>Original AICO links:</p><ul><li>Size 1: <a href=""https://e.aico.com.pl/ProduktySzczegoly.aspx?id_artykulu=AQFNeogyMLPUVyofQa3QAw"">detail</a> | <a href=""https://e.aico.com.pl/ProduktyWyszukiwanie.aspx?search=11022101"">search by code</a></li><li>Size 2: <a href=""https://e.aico.com.pl/ProduktySzczegoly.aspx?id_artykulu=PxvS67DqMayRwBnIfDx-rA"">detail</a> | <a href=""https://e.aico.com.pl/ProduktyWyszukiwanie.aspx?search=12022101"">search by code</a></li></ul>",BIBS,Pacifier,"BIBS,Pacifier,AICO,Latex",FALSE,Size,1,,,,,BIB000043,,,,deny,manual,23.92,,TRUE,TRUE,5713795267583,https://b2b:aico2012@e.aico.com.pl/Obrazki/BIB000043_5713795267583_2_BIBS_Studio_COLOUR_PACK_Rnd_Latex_S1_Block_BabyPinkCoralMix_3_2000x2000%20(600%20x%206.jpg,BIBS Smoczek Studio Kolor 2 Pak Latex Baby Pink/Coral - Size 1
bibs-smoczek-studio-kolor-2-pak-latex-baby-pink-coral,,,,,,,Size,2,,,,,BIB000038,,,,deny,manual,23.92,,TRUE,TRUE,5713795267521,https://b2b:aico2012@e.aico.com.pl/Obrazki/BIB000038_5713795267521_2_BIBS_Studio_COLOUR_PACK_Rnd_Latex_Block_BabyPinkCoralMix_2000x2000%20(600%20x%20600).jpg,BIBS Smoczek Studio Kolor 2 Pak Latex Baby Pink/Coral - Size 2
bibs-smoczek-studio-kolor-2-pak-latex-jasmin-roz,BIBS Smoczek Studio Kolor 2 Pak Latex Jaśmin/Róż,"<p>BIBS Smoczek Studio Kolor 2 Pak Latex Jaśmin/Róż prepared from the AICO B2B catalog for Shopify import.</p><ul><li>Brand: BIBS</li><li>Category: Pacifier</li><li>Material: Latex</li><li>Available sizes: 1, 2</li></ul><p>Original AICO links:</p><ul><li>Size 1: <a href=""https://e.aico.com.pl/ProduktySzczegoly.aspx?id_artykulu=LXHuarkJwHsc5hQoZeGFsQ"">detail</a> | <a href=""https://e.aico.com.pl/ProduktyWyszukiwanie.aspx?search=11017103"">search by code</a></li><li>Size 2: <a href=""https://e.aico.com.pl/ProduktySzczegoly.aspx?id_artykulu=L_h-oOnVwv4RWVHyd5cr5A"">detail</a> | <a href=""https://e.aico.com.pl/ProduktyWyszukiwanie.aspx?search=12017103"">search by code</a></li></ul>",BIBS,Pacifier,"BIBS,Pacifier,AICO,Latex",FALSE,Size,1,,,,,BIB000042,,,,deny,manual,23.92,,TRUE,TRUE,5713795259656,https://b2b:aico2012@e.aico.com.pl/Obrazki/BIB000042_5713795259656_3_BIBS_Studio_COLOUR_PACK_Rnd_Latex_Jasmine_BlushMix_2000x2000%20(600%20x%20600).jpg,BIBS Smoczek Studio Kolor 2 Pak Latex Jaśmin/Róż - Size 1
bibs-smoczek-studio-kolor-2-pak-latex-jasmin-roz,,,,,,,Size,2,,,,,BIB000037,,,,deny,manual,23.92,,TRUE,TRUE,5713795259533,https://b2b:aico2012@e.aico.com.pl/Obrazki/BIB000037_5713795259533_3_BIBS_Studio_COLOUR_PACK_Rnd_Latex_Jasmine_BlushMix_2000x2000%20(600%20x%20600).jpg,BIBS Smoczek Studio Kolor 2 Pak Latex Jaśmin/Róż - Size 2
bibs-smoczek-studio-kolor-2-pak-latex-kosc-sloniowa-jasmin,BIBS Smoczek Studio Kolor 2 Pak Latex Kość Słoniowa/Jaśmin,"<p>BIBS Smoczek Studio Kolor 2 Pak Latex Kość Słoniowa/Jaśmin prepared from the AICO B2B catalog for Shopify import.</p><ul><li>Brand: BIBS</li><li>Category: Pacifier</li><li>Material: Latex</li><li>Available sizes: 1, 2</li></ul><p>Original AICO links:</p><ul><li>Size 1: <a href=""https://e.aico.com.pl/ProduktySzczegoly.aspx?id_artykulu=Csv72Mz0TYvzDS0QFLkv6Q"">detail</a> | <a href=""https://e.aico.com.pl/ProduktyWyszukiwanie.aspx?search=11017101"">search by code</a></li><li>Size 2: <a href=""https://e.aico.com.pl/ProduktySzczegoly.aspx?id_artykulu=ZfwwCOLRYz6uwY7yoMGiqw"">detail</a> | <a href=""https://e.aico.com.pl/ProduktyWyszukiwanie.aspx?search=12017101"">search by code</a></li></ul>",BIBS,Pacifier,"BIBS,Pacifier,AICO,Latex",FALSE,Size,1,,,,,BIB000041,,,,deny,manual,23.92,,TRUE,TRUE,5713795259670,https://b2b:aico2012@e.aico.com.pl/Obrazki/BIB000041_5713795259656_3_BIBS_Studio_COLOUR_PACK_Rnd_Latex_Jasmine_IvoryMix_2000x2000%20(600%20x%20600).jpg,BIBS Smoczek Studio Kolor 2 Pak Latex Kość Słoniowa/Jaśmin - Size 1
bibs-smoczek-studio-kolor-2-pak-latex-kosc-sloniowa-jasmin,,,,,,,Size,2,,,,,BIB000036,,,,deny,manual,23.92,,TRUE,TRUE,5713795259557,https://b2b:aico2012@e.aico.com.pl/Obrazki/BIB000036_5713795259557_3_BIBS_Studio_COLOUR_PACK_Rnd_Latex_Jasmine_IvoryMix_2000x2000%20(600%20x%20600).jpg,BIBS Smoczek Studio Kolor 2 Pak Latex Kość Słoniowa/Jaśmin - Size 2
bibs-smoczek-studio-kolor-2-pak-latex-kosc-sloniowa-wanilia,BIBS Smoczek Studio Kolor 2 Pak Latex Kość Słoniowa/Wanilia,"<p>BIBS Smoczek Studio Kolor 2 Pak Latex Kość Słoniowa/Wanilia prepared from the AICO B2B catalog for Shopify import.</p><ul><li>Brand: BIBS</li><li>Category: Pacifier</li><li>Material: Latex</li><li>Available sizes: 1</li></ul><p>Original AICO links:</p><ul><li>Size 1: <a href=""https://e.aico.com.pl/ProduktySzczegoly.aspx?id_artykulu=hpFgnWLlZ2DyWw_x4XLbBw"">detail</a> | <a href=""https://e.aico.com.pl/ProduktyWyszukiwanie.aspx?search=11015104"">search by code</a></li></ul>",BIBS,Pacifier,"BIBS,Pacifier,AICO,Latex",FALSE,Size,1,,,,,BIB000040,,,,deny,manual,23.92,,TRUE,TRUE,5713795259694,https://b2b:aico2012@e.aico.com.pl/Obrazki/BIB000040_5713795259694_3_BIBS_Studio_COLOUR_PACK_Rnd_Latex_Pin_IvoryVanillaMix_2000x2000%20(600%20x%20600).jpg,BIBS Smoczek Studio Kolor 2 Pak Latex Kość Słoniowa/Wanilia - Size 1
bibs-smoczek-supreme-2-pak-silikon-kosc-sloniowa-roz,BIBS Smoczek Supreme 2 Pak Silikon Kość Słoniowa/Róż,"<p>BIBS Smoczek Supreme 2 Pak Silikon Kość Słoniowa/Róż prepared from the AICO B2B catalog for Shopify import.</p><ul><li>Brand: BIBS</li><li>Category: Pacifier</li><li>Material: Silicone</li><li>Available sizes: 1, 2</li></ul><p>Original AICO links:</p><ul><li>Size 1: <a href=""https://e.aico.com.pl/ProduktySzczegoly.aspx?id_artykulu=Kvt_JN7fRYeYVnslFpxDpA"">detail</a> | <a href=""https://e.aico.com.pl/ProduktyWyszukiwanie.aspx?search=160221"">search by code</a></li><li>Size 2: <a href=""https://e.aico.com.pl/ProduktySzczegoly.aspx?id_artykulu=Z7lqOLAd-8PvWJADYRaAHg"">detail</a> | <a href=""https://e.aico.com.pl/ProduktyWyszukiwanie.aspx?search=260216"">search by code</a></li></ul>",BIBS,Pacifier,"BIBS,Pacifier,AICO,Silicone",FALSE,Size,1,,,,,BIB000034,,,,deny,manual,21.87,,TRUE,TRUE,5713795209606,https://b2b:aico2012@e.aico.com.pl/Obrazki/BIB000034_5713795209606_2_BIBS_SUPREME_PACK_Sym_Silicone_Ivory_Blush_2000x2000%20(600%20x%20600).jpg,BIBS Smoczek Supreme 2 Pak Silikon Kość Słoniowa/Róż - Size 1
bibs-smoczek-supreme-2-pak-silikon-kosc-sloniowa-roz,,,,,,,Size,2,,,,,BIB000031,,,,deny,manual,21.87,,TRUE,TRUE,5713795209668,https://b2b:aico2012@e.aico.com.pl/Obrazki/BIB000031_5713795209668_2_BIBS_SUPREME_PACK_Sym_Silicone_Ivory_Blush_2000x2000%20(2)%20(600%20x%20600).jpg,BIBS Smoczek Supreme 2 Pak Silikon Kość Słoniowa/Róż - Size 2
bibs-smoczek-supreme-2-pak-silikon-kosc-sloniowa-szalwia,BIBS Smoczek Supreme 2 Pak Silikon Kość Słoniowa/Szałwia,"<p>BIBS Smoczek Supreme 2 Pak Silikon Kość Słoniowa/Szałwia prepared from the AICO B2B catalog for Shopify import.</p><ul><li>Brand: BIBS</li><li>Category: Pacifier</li><li>Material: Silicone</li><li>Available sizes: 1, 2</li></ul><p>Original AICO links:</p><ul><li>Size 1: <a href=""https://e.aico.com.pl/ProduktySzczegoly.aspx?id_artykulu=86-gnCuxyhCQqx7ZqbStlg"">detail</a> | <a href=""https://e.aico.com.pl/ProduktyWyszukiwanie.aspx?search=160346"">search by code</a></li><li>Size 2: <a href=""https://e.aico.com.pl/ProduktySzczegoly.aspx?id_artykulu=IKd0-jm6sWgWGdnbPVXgsA"">detail</a> | <a href=""https://e.aico.com.pl/ProduktyWyszukiwanie.aspx?search=260346"">search by code</a></li></ul>",BIBS,Pacifier,"BIBS,Pacifier,AICO,Silicone",FALSE,Size,1,,,,,BIB000033,,,,deny,manual,21.87,,TRUE,TRUE,5713795199396,https://b2b:aico2012@e.aico.com.pl/Obrazki/BIB000033_5713795199396_2_BIBS_SUPREME_PACK_Sym_Silicone_Ivory_Sage_2000x2000%20(600%20x%20600).jpg,BIBS Smoczek Supreme 2 Pak Silikon Kość Słoniowa/Szałwia - Size 1
bibs-smoczek-supreme-2-pak-silikon-kosc-sloniowa-szalwia,,,,,,,Size,2,,,,,BIB000030,,,,deny,manual,21.87,,TRUE,TRUE,5713795199419,https://b2b:aico2012@e.aico.com.pl/Obrazki/BIB000030_5713795199419_2_BIBS_SUPREME_PACK_Sym_Silicone_S2_Ivory_Sage_2000x2000%20(600%20x%20600).jpg,BIBS Smoczek Supreme 2 Pak Silikon Kość Słoniowa/Szałwia - Size 2
bibs-smoczek-supreme-2-pak-silikon-wanilia-ciemny-dab,BIBS Smoczek Supreme 2 Pak Silikon Wanilia/Ciemny Dąb,"<p>BIBS Smoczek Supreme 2 Pak Silikon Wanilia/Ciemny Dąb prepared from the AICO B2B catalog for Shopify import.</p><ul><li>Brand: BIBS</li><li>Category: Pacifier</li><li>Material: Silicone</li><li>Available sizes: 1, 2</li></ul><p>Original AICO links:</p><ul><li>Size 1: <a href=""https://e.aico.com.pl/ProduktySzczegoly.aspx?id_artykulu=Y9kueqjDYEcH0OXZVDexuA"">detail</a> | <a href=""https://e.aico.com.pl/ProduktyWyszukiwanie.aspx?search=160336"">search by code</a></li><li>Size 2: <a href=""https://e.aico.com.pl/ProduktySzczegoly.aspx?id_artykulu=7Ef182wzCvGoPV2v3W9PuQ"">detail</a> | <a href=""https://e.aico.com.pl/ProduktyWyszukiwanie.aspx?search=260336"">search by code</a></li></ul>",BIBS,Pacifier,"BIBS,Pacifier,AICO,Silicone",FALSE,Size,1,,,,,BIB000032,,,,deny,manual,21.87,,TRUE,TRUE,5713795199068,https://b2b:aico2012@e.aico.com.pl/Obrazki/BIB000032_5713795199068_2_BIBS_SUPREME_PACK_Sym_Silicone_Vanilla_DarkOak_2000x2000%20(600%20x%20600).jpg,BIBS Smoczek Supreme 2 Pak Silikon Wanilia/Ciemny Dąb - Size 1
bibs-smoczek-supreme-2-pak-silikon-wanilia-ciemny-dab,,,,,,,Size,2,,,,,BIB000029,,,,deny,manual,21.87,,TRUE,TRUE,5713795199082,https://b2b:aico2012@e.aico.com.pl/Obrazki/BIB000029_5713795199082_2_BIBS_SUPREME_PACK_Sym_Silicone_Vanilla_DarkOak_2000x2000%20(600%20x%20600).jpg,BIBS Smoczek Supreme 2 Pak Silikon Wanilia/Ciemny Dąb - Size 2
bibs-try-it-zestaw-3-smoczkow-kauczuk-kosc-sloniowa,BIBS Try-It Zestaw 3 Smoczków Kauczuk Kość Słoniowa,"<p>BIBS Try-It Zestaw 3 Smoczków Kauczuk Kość Słoniowa prepared from the AICO B2B catalog for Shopify import.</p><ul><li>Brand: BIBS</li><li>Category: Pacifier</li><li>Material: Pacifier</li><li>Available sizes: Default</li></ul><p>Original AICO links:</p><ul><li>BIB000025: <a href=""https://e.aico.com.pl/ProduktySzczegoly.aspx?id_artykulu=SUwpEO5F02qN722DFWGlBQ"">detail</a> | <a href=""https://e.aico.com.pl/ProduktyWyszukiwanie.aspx?search=81340"">search by code</a></li></ul>",BIBS,Pacifier,"BIBS,Pacifier,AICO,Pacifier",FALSE,Title,Default Title,,,,,BIB000025,,,,deny,manual,25.97,,TRUE,TRUE,5713795249251,https://b2b:aico2012@e.aico.com.pl/Obrazki/BIB000025_5713795249251_2_BIBS_Try-it_COLOUR_PACK_Ivory_2000x2000%20(600%20x%20600).jpg,BIBS Try-It Zestaw 3 Smoczków Kauczuk Kość Słoniowa
bibs-try-it-zestaw-4-smoczkow-baby-blue,BIBS Try-It Zestaw 4 Smoczków Baby Blue,"<p>BIBS Try-It Zestaw 4 Smoczków Baby Blue prepared from the AICO B2B catalog for Shopify import.</p><ul><li>Brand: BIBS</li><li>Category: Pacifier</li><li>Material: Pacifier</li><li>Available sizes: 1</li></ul><p>Original AICO links:</p><ul><li>Size 1: <a href=""https://e.aico.com.pl/ProduktySzczegoly.aspx?id_artykulu=bv8QAoLxifgn8rY6fSzxoQ"">detail</a> | <a href=""https://e.aico.com.pl/ProduktyWyszukiwanie.aspx?search=91342"">search by code</a></li></ul>",BIBS,Pacifier,"BIBS,Pacifier,AICO,Pacifier",FALSE,Size,1,,,,,BIB000024,,,,deny,manual,37.79,,TRUE,TRUE,5713795222889,https://b2b:aico2012@e.aico.com.pl/Obrazki/BIB000024_91342%20(458%20x%20458).jpg,BIBS Try-It Zestaw 4 Smoczków Baby Blue - Size 1
bibs-try-it-zestaw-4-smoczkow-kosc-sloniowa,BIBS Try-It Zestaw 4 Smoczków Kość Słoniowa,"<p>BIBS Try-It Zestaw 4 Smoczków Kość Słoniowa prepared from the AICO B2B catalog for Shopify import.</p><ul><li>Brand: BIBS</li><li>Category: Pacifier</li><li>Material: Pacifier</li><li>Available sizes: 1</li></ul><p>Original AICO links:</p><ul><li>Size 1: <a href=""https://e.aico.com.pl/ProduktySzczegoly.aspx?id_artykulu=xE2dSiB0C_DGmhkWZIaZKw"">detail</a> | <a href=""https://e.aico.com.pl/ProduktyWyszukiwanie.aspx?search=91340"">search by code</a></li></ul>",BIBS,Pacifier,"BIBS,Pacifier,AICO,Pacifier",FALSE,Size,1,,,,,BIB000022,,,,deny,manual,37.79,,TRUE,TRUE,5713795217069,https://b2b:aico2012@e.aico.com.pl/Obrazki/BIB000022_91340%20(458%20x%20458).jpg,BIBS Try-It Zestaw 4 Smoczków Kość Słoniowa - Size 1
bibs-try-it-zestaw-4-smoczkow-roz,BIBS Try-It Zestaw 4 Smoczków Róż,"<p>BIBS Try-It Zestaw 4 Smoczków Róż prepared from the AICO B2B catalog for Shopify import.</p><ul><li>Brand: BIBS</li><li>Category: Pacifier</li><li>Material: Pacifier</li><li>Available sizes: 1</li></ul><p>Original AICO links:</p><ul><li>Size 1: <a href=""https://e.aico.com.pl/ProduktySzczegoly.aspx?id_artykulu=Ct5Ur67-7oG0CRWFQdrqhg"">detail</a> | <a href=""https://e.aico.com.pl/ProduktyWyszukiwanie.aspx?search=91341"">search by code</a></li></ul>",BIBS,Pacifier,"BIBS,Pacifier,AICO,Pacifier",FALSE,Size,1,,,,,BIB000023,,,,deny,manual,37.79,,TRUE,TRUE,5713795222872,https://b2b:aico2012@e.aico.com.pl/Obrazki/BIB000023_91341%20(458%20x%20458).jpg,BIBS Try-It Zestaw 4 Smoczków Róż - Size 1
