productId,offerId,title,strictBundleCandidate,broadSetCandidate,paidApproved,shoppingStatus,displayAdsStatus,freeListingsStatus,excludedDestinations,includedDestinations,itemLevelIssuesCount,productTypes,customLabels
online:pl:PL:shopify_PL_9916766585165_50842336395597,shopify_PL_9916766585165_50842336395597,AKUKU a0338 - Szczotka do butelek – mamapack,True,True,"DisplayAds,Shopping",approved,approved,approved,,,2,,
online:pl:PL:shopify_PL_10606522073421_53653080539469,shopify_PL_10606522073421_53653080539469,BIBS Studio - Smoczek uspokajający – mamapack 1 (0m+),True,True,"DisplayAds,Shopping",approved,approved,approved,,,0,,
online:pl:PL:shopify_PL_10288718348621_52471180493133,shopify_PL_10288718348621_52471180493133,AKUKU a0458 - Zestaw manicure - różowy – mamapack,True,True,"DisplayAds,Shopping",approved,approved,approved,,,2,,
online:pl:PL:shopify_PL_9984495878477_51163511226701,shopify_PL_9984495878477_51163511226701,CANPOL 22/580 - Smoczek – mamapack,False,False,"DisplayAds,Shopping",approved,approved,approved,,,2,,
online:pl:PL:shopify_PL_10486372172109_53158485590349,shopify_PL_10486372172109_53158485590349,CANPOL 2/782 - Termometr kąpielowy – mamapack,False,False,"DisplayAds,Shopping",approved,approved,approved,,,2,,
online:pl:PL:shopify_PL_10578272649549_53530519208269,shopify_PL_10578272649549_53530519208269,CANPOL 35/242(3) - Butelka antykolkowa – mamapack 120 ml (0+),False,False,"DisplayAds,Shopping",approved,approved,approved,,,5,,
online:pl:PL:shopify_PL_10288796369229_52471364845901,shopify_PL_10288796369229_52471364845901,Szampon z keratyną - Kozie Mleko - Ziaja - 400ml – mamapack,False,False,"DisplayAds,Shopping",approved,approved,approved,,,5,,
online:pl:PL:shopify_PL_10497155825997_53196343017805,shopify_PL_10497155825997_53196343017805,CHICCO - Termometr elektroniczny - Digi Baby – mamapack,False,False,"DisplayAds,Shopping",approved,approved,approved,,,2,,
online:pl:PL:shopify_PL_10599592624461_53626601636173,shopify_PL_10599592624461_53626601636173,Rożek niemowlęcy Muślinowy - 75x75 cm – mamapack MISIE jasne,False,False,"DisplayAds,Shopping",approved,approved,approved,,,2,,
online:pl:PL:shopify_PL_9807598747981_50445618938189,shopify_PL_9807598747981_50445618938189,Koszula do karmienia - (beige) - Doctor Nap – mamapack XXL,False,False,"DisplayAds,Shopping",approved,approved,approved,,,2,,
online:pl:PL:shopify_PL_10390102278477_52818483642701,shopify_PL_10390102278477_52818483642701,Organizer na pieluchy i akcesoria - Pleciony- 3 – mamapack,False,False,"DisplayAds,Shopping",approved,approved,approved,,,2,,
online:pl:PL:shopify_PL_9916759179597_50842277019981,shopify_PL_9916759179597_50842277019981,Chusteczki dezynfekcyjne nasączone alkoholem 70% – mamapack,False,False,"DisplayAds,Shopping",approved,approved,approved,,,5,,
online:pl:PL:shopify_PL_10619255030093_53708175180109,shopify_PL_10619255030093_53708175180109,Organizer na akcesoria niemowlęce - w stylu Boho – mamapack,True,True,"DisplayAds,Shopping",approved,approved,approved,,,2,,
online:pl:PL:shopify_PL_10599881245005_53626727629133,shopify_PL_10599881245005_53626727629133,Rożek niemowlęcy Mix - standard 80x80 cm – mamapack Miś różowy,False,False,"DisplayAds,Shopping",approved,approved,approved,,,2,,
online:pl:PL:shopify_PL_9916730147149_50842117439821,shopify_PL_9916730147149_50842117439821,Klapki damskie - Różowy – mamapack 39,False,False,"DisplayAds,Shopping",approved,approved,approved,,,2,,
online:pl:PL:shopify_PL_10523339948365_53311436390733,shopify_PL_10523339948365_53311436390733,Rożek niemowlęcy Teddy - standard 80x80 cm – mamapack,False,False,"DisplayAds,Shopping",approved,approved,approved,,,2,,
online:pl:PL:shopify_PL_9790715986253_50473175744845,shopify_PL_9790715986253_50473175744845,AKUKU a0549 - Majtki poporodowe - 5 szt – mamapack S,False,False,"DisplayAds,Shopping",approved,approved,approved,,,2,,
online:pl:PL:shopify_PL_9807599665485_50445576798541,shopify_PL_9807599665485_50445576798541,Koszula do karmienia -(grey) - Doctor Nap – mamapack XXXL,False,False,Shopping,approved,disapproved,approved,,,3,,
online:pl:PL:shopify_PL_9790715396429_50310952157517,shopify_PL_9790715396429_50310952157517,MEDELA 101041323 - Purelan maść Lanolinowa- (7g) – mamapack,False,False,"DisplayAds,Shopping",approved,approved,approved,,,5,,
online:pl:PL:shopify_PL_9790721524045_50310959300941,shopify_PL_9790721524045_50310959300941,b.o.513 - Podkład do przewijania 40x60cm - 10 szt – mamapack,False,False,"DisplayAds,Shopping",approved,approved,approved,,,2,,
online:pl:PL:shopify_PL_9816061804877_50445764821325,shopify_PL_9816061804877_50445764821325,Biustonosz sportowy do karmienia Doctor Nap – mamapack S,False,False,Shopping,approved,disapproved,approved,,,3,,
online:pl:PL:shopify_PL_9756450488653_50205945561421,shopify_PL_9756450488653_50205945561421,Bamboolove - Pieluszki - Rozmiar S - 25 szt – mamapack,False,False,"DisplayAds,Shopping",approved,approved,approved,,,2,,
online:pl:PL:shopify_PL_10578233033037_53530378338637,shopify_PL_10578233033037_53530378338637,CANPOL 51/034 - Tasiemka do smoczka (uspokajającego) – mamapack,False,False,"DisplayAds,Shopping",approved,approved,approved,,,2,,
online:pl:PL:shopify_PL_9807599468877_50445603864909,shopify_PL_9807599468877_50445603864909,Koszula do karmienia -(graphite) - Doctor Nap – mamapack S,False,False,Shopping,approved,disapproved,approved,,,3,,
online:pl:PL:shopify_PL_9756449472845_50473090777421,shopify_PL_9756449472845_50473090777421,Horizon-Majtki Poporodowe Siatka 2 szt – mamapack 40-44,False,False,"DisplayAds,Shopping",approved,approved,approved,,,5,,
online:pl:PL:shopify_PL_10497183809869_53710885388621,shopify_PL_10497183809869_53710885388621,tcb.9504 - Koszula do karmienia - (grey) - Doctor Nap – mamapack XL,False,False,Shopping,approved,disapproved,approved,,,3,,
online:pl:PL:shopify_PL_10556128493901_53428376207693,shopify_PL_10556128493901_53428376207693,CANPOL 22/667 - SMOCZEK - silikon orthodontic - SYMETRYCZNY - ( 0-6 m) - GOOSE - 2 szt.,False,False,"DisplayAds,Shopping",approved,approved,approved,,,2,,
online:pl:PL:shopify_PL_9790714839373_50310951436621,shopify_PL_9790714839373_50310951436621,CHICCO 00010580000000 - Płyn do kąpieli protection 0m+ – mamapack,False,False,"DisplayAds,Shopping",approved,approved,approved,,,5,,
online:pl:PL:shopify_PL_9790716117325_50473251602765,shopify_PL_9790716117325_50473251602765,AKUKU a0234 - Majtki siateczkowe wielorazowe - 2 szt – mamapack XL,False,False,"DisplayAds,Shopping",approved,approved,approved,,,2,,
online:pl:PL:shopify_PL_10497183809869_53196399411533,shopify_PL_10497183809869_53196399411533,TCB.9504 - Koszula do karmienia - XL - (GREY) - Doctor Nap,False,False,Shopping,approved,disapproved,approved,,,3,,
online:pl:PL:shopify_PL_9756449800525_50205944709453,shopify_PL_9756449800525_50205944709453,CHICCO - Chusteczki Pielęgnacyjne - 72 szt. 0m+ – mamapack,False,False,"DisplayAds,Shopping",approved,approved,approved,,,2,,
online:pl:PL:shopify_PL_9790713233741_50310949634381,shopify_PL_9790713233741_50310949634381,LOVI 22/905 - Smoczek silikonowy dynamiczny 2 szt – mamapack,False,False,"DisplayAds,Shopping",approved,approved,approved,,,2,,
online:pl:PL:shopify_PL_10497186496845_53196427854157,shopify_PL_10497186496845_53196427854157,tcb.9505 - Koszula do karmienia - L - - Doctor Nap – mamapack,False,False,"DisplayAds,Shopping",approved,approved,approved,,,2,,
online:pl:PL:shopify_PL_9790715625805_50445680476493,shopify_PL_9790715625805_50445680476493,Avent scf153/01-03 - Osłonki na piersi – mamapack ŚREDNIE,False,False,"DisplayAds,Shopping",approved,approved,approved,,,2,,
online:pl:PL:shopify_PL_10199906484557_52187537768781,shopify_PL_10199906484557_52187537768781,Rożek niemowlęcy - standard 80x80 cm – mamapack,False,False,"DisplayAds,Shopping",approved,approved,approved,,,2,,
online:pl:PL:shopify_PL_9790715527501_50310952288589,shopify_PL_9790715527501_50310952288589,Ardo Care - Lanolina 10ml – mamapack,False,False,"DisplayAds,Shopping",approved,approved,approved,,,5,,
online:pl:PL:shopify_PL_10558848336205_53441254457677,shopify_PL_10558848336205_53441254457677,Torba do szpitala dla Mamy I Noworodka – gotowa – mamapack,True,True,"DisplayAds,Shopping",approved,approved,approved,,,0,,
online:pl:PL:shopify_PL_9807599108429_50445426557261,shopify_PL_9807599108429_50445426557261,Koszula do karmienia - (sweet_pink) - Doctor Nap – mamapack M,False,False,Shopping,approved,disapproved,approved,,,3,,
online:pl:PL:shopify_PL_9807599468877_50445603995981,shopify_PL_9807599468877_50445603995981,Koszula do karmienia -(graphite) - Doctor Nap – mamapack XXL,False,False,Shopping,approved,disapproved,approved,,,3,,
online:pl:PL:shopify_PL_10597862244685_53616764322125,shopify_PL_10597862244685_53616764322125,Duet Baby 547 - Okrycie Kąpielowe z kapturkiem + – mamapack Jasnoszary,True,True,"DisplayAds,Shopping",approved,approved,approved,,,2,,
online:pl:PL:shopify_PL_9790720409933_50310958186829,shopify_PL_9790720409933_50310958186829,b.o.348/12 - Pieluszki - Muślinowe - super miękkie – mamapack,True,True,"DisplayAds,Shopping",approved,approved,approved,,,5,,
online:pl:PL:shopify_PL_10585713443149_53564904210765,shopify_PL_10585713443149_53564904210765,AKUKU a0664 - Ręcznik kąpielowy z kapturkiem - frotte – mamapack,False,False,"DisplayAds,Shopping",approved,approved,approved,,,2,,
online:pl:PL:shopify_PL_9816066851149_53432490557773,shopify_PL_9816066851149_53432490557773,Doctor Nap szlafrok damski suwak – mamapack S,False,False,"DisplayAds,Shopping",approved,approved,approved,,,2,,
online:pl:PL:shopify_PL_9790715461965_50310952223053,shopify_PL_9790715461965_50310952223053,Ardo - Krem przeciw rozstępom – mamapack,False,False,Shopping,approved,disapproved,approved,,,6,,
online:pl:PL:shopify_PL_9790721786189_50310959563085,shopify_PL_9790721786189_50310959563085,Bella - Podkład higieniczny Mamma – mamapack,False,False,"DisplayAds,Shopping",approved,approved,approved,,,2,,
online:pl:PL:shopify_PL_9790719951181_50472983855437,shopify_PL_9790719951181_50472983855437,b.o.503 - Wielorazowe majtki - Siateczkowe - 2 szt – mamapack XXL,False,False,"DisplayAds,Shopping",approved,approved,approved,,,2,,
online:pl:PL:shopify_PL_10621081583949_53714003362125,shopify_PL_10621081583949_53714003362125,Pikowana Torba dla mamy i niemowlęcia – mleczna Z – mamapack Naszywka misia,False,False,"DisplayAds,Shopping",approved,approved,approved,,,2,,
online:pl:PL:shopify_PL_10537305932109_53362769789261,shopify_PL_10537305932109_53362769789261,Linomag - Balsam - dla dzieci i niemowląt - (200ml) – mamapack,False,False,"DisplayAds,Shopping",approved,approved,approved,,,5,,
online:pl:PL:shopify_PL_9790719263053_53714391499085,shopify_PL_9790719263053_53714391499085,b.o.1553 - Okrycie kąpielowe z kapturkiem – mamapack różowy /04,False,False,"DisplayAds,Shopping",approved,approved,approved,,,2,,
online:pl:PL:shopify_PL_9790717722957_50445683556685,shopify_PL_9790717722957_50445683556685,b.o.823 - Silikonowe osłonki na piersi Natural Nursing – mamapack S,False,False,"DisplayAds,Shopping",approved,approved,approved,,,2,,
online:pl:PL:shopify_PL_10606479671629_53652995244365,shopify_PL_10606479671629_53652995244365,BIBS Liberty - Smoczek uspokajający - - latex - Różowy – mamapack 1 (0m+),True,True,"DisplayAds,Shopping",approved,approved,approved,,,2,,
online:pl:PL:shopify_PL_9807599829325_50445557825869,shopify_PL_9807599829325_50445557825869,Koszula do karmienia -(dark_grey) -Doctor Nap – mamapack L,False,False,Shopping,approved,disapproved,approved,,,3,,
online:pl:PL:shopify_PL_10550671442253_53406259904845,shopify_PL_10550671442253_53406259904845,Pikowana Torba do szpitala z Niedźwiedziem - Rozmiar – mamapack,False,False,"DisplayAds,Shopping",approved,approved,approved,,,2,,
online:pl:PL:shopify_PL_9790715986253_50473175810381,shopify_PL_9790715986253_50473175810381,AKUKU a0549 - Majtki poporodowe - 5 szt – mamapack L,False,False,"DisplayAds,Shopping",approved,approved,approved,,,2,,
online:pl:PL:shopify_PL_10486342287693_53158271025485,shopify_PL_10486342287693_53158271025485,CANPOL 2/424 - Szczotka + grzebień do włosów - - Biała – mamapack,False,False,"DisplayAds,Shopping",approved,approved,approved,,,2,,
online:pl:PL:shopify_PL_10486351233357_53158330859853,shopify_PL_10486351233357_53158330859853,CANPOL 2/424 - Szczotka + grzebień do włosów -(miękka) – mamapack,False,False,"DisplayAds,Shopping",approved,approved,approved,,,2,,
online:pl:PL:shopify_PL_10309730599245_52549457117517,shopify_PL_10309730599245_52549457117517,CANPOL 12/216 - Laktator - Ręczny - Basic light – mamapack,False,False,"DisplayAds,Shopping",approved,approved,approved,,,2,,
online:pl:PL:shopify_PL_10379231297869_52780094488909,shopify_PL_10379231297869_52780094488909,B.O. 1576 - Edukacyjna mata piankowa Xpe - (150x200cm) – mamapack,False,False,"DisplayAds,Shopping",approved,approved,approved,,,5,,
online:pl:PL:shopify_PL_10336435568973_52659535479117,shopify_PL_10336435568973_52659535479117,CANPOL 34/922 - Smoczek silikonowy – mamapack,False,False,"DisplayAds,Shopping",approved,approved,approved,,,2,,
online:pl:PL:shopify_PL_9807598911821_50445615169869,shopify_PL_9807598911821_50445615169869,Koszula do karmienia -( Deep Blue) - Doctor Nap – mamapack S,False,False,"DisplayAds,Shopping",approved,approved,approved,,,2,,
online:pl:PL:shopify_PL_9790716084557_50445689487693,shopify_PL_9790716084557_50445689487693,Lansinoh - Osłonki laktacyjne Nipple Shields – mamapack DUŻE (24 mm),False,False,"DisplayAds,Shopping",approved,approved,approved,,,2,,
online:pl:PL:shopify_PL_10523323072845_53311322980685,shopify_PL_10523323072845_53311322980685,Torba do szpitala dla DLA MAMY I NOWORODKA – gotowa wyprawka ROZSZERZONA,True,True,"DisplayAds,Shopping",approved,approved,approved,,,2,,
online:pl:PL:shopify_PL_9790721556813_50310959333709,shopify_PL_9790721556813_50310959333709,b.o.297/01 - Wkładki laktacyjne Night & Day - 40 szt – mamapack,False,False,"DisplayAds,Shopping",approved,approved,approved,,,2,,
online:pl:PL:shopify_PL_10183832240461_52121370657101,shopify_PL_10183832240461_52121370657101,CANPOL 14/000 - Maść lanolinowa – mamapack,False,False,"DisplayAds,Shopping",approved,approved,approved,,,5,,
online:pl:PL:shopify_PL_9790714413389_50310950977869,shopify_PL_9790714413389_50310950977869,Nivea Baby (80590) - Oliwka pielęgnacyjna - (200 ml) – mamapack,False,False,"DisplayAds,Shopping",approved,approved,approved,,,5,,
online:pl:PL:shopify_PL_10526795039053_53327971582285,shopify_PL_10526795039053_53327971582285,Torba do szpitala dla Mamy – wyprawka Podstawowa – mamapack,True,True,Shopping,approved,disapproved,approved,,,1,,
online:pl:PL:shopify_PL_9807598387533_50445643055437,shopify_PL_9807598387533_50445643055437,Szlafrok damski bambusowy wiązany - Doctor Nap – mamapack XL,False,False,"DisplayAds,Shopping",approved,approved,approved,,,2,,
online:pl:PL:shopify_PL_9790713626957_50310950093133,shopify_PL_9790713626957_50310950093133,b.o.1450 - Butelka antykolkowa – mamapack,False,False,"DisplayAds,Shopping",approved,approved,approved,,,5,,
online:pl:PL:shopify_PL_10489858523469_53175850795341,shopify_PL_10489858523469_53175850795341,BIBS - Butelka - - Średni Przepływ - - Kość Słoniowa – mamapack,False,False,"DisplayAds,Shopping",approved,approved,approved,,,2,,
online:pl:PL:shopify_PL_9816061804877_50445764854093,shopify_PL_9816061804877_50445764854093,Biustonosz sportowy do karmienia Doctor Nap – mamapack M,False,False,Shopping,approved,disapproved,approved,,,3,,
online:pl:PL:shopify_PL_9916727361869_50842105676109,shopify_PL_9916727361869_50842105676109,Klapki damskie - Biały – mamapack 39,False,False,"DisplayAds,Shopping",approved,approved,approved,,,2,,
online:pl:PL:shopify_PL_9790712774989_50310945472845,shopify_PL_9790712774989_50310945472845,b.o.398/03 - Zestaw do pielęgnacji paznokci – mamapack,True,True,"DisplayAds,Shopping",approved,approved,approved,,,2,,
online:pl:PL:shopify_PL_9790716117325_53196365267277,shopify_PL_9790716117325_53196365267277,AKUKU a0234 - Majtki siateczkowe wielorazowe - 2 szt – mamapack XXL,False,False,"DisplayAds,Shopping",approved,approved,approved,,,5,,
online:pl:PL:shopify_PL_9807599272269_50445608780109,shopify_PL_9807599272269_50445608780109,Koszula do karmienia -( różowy) - Doctor Nap – mamapack L,False,False,Shopping,approved,disapproved,approved,,,3,,
online:pl:PL:shopify_PL_9790715625805_50445680443725,shopify_PL_9790715625805_50445680443725,Avent scf153/01-03 - Osłonki na piersi – mamapack MAŁE,False,False,"DisplayAds,Shopping",approved,approved,approved,,,2,,
online:pl:PL:shopify_PL_9790711955789_50310943015245,shopify_PL_9790711955789_50310943015245,AKUKU a0308 - Zestaw manicure - Niebieski – mamapack,True,True,"DisplayAds,Shopping",approved,approved,approved,,,2,,
online:pl:PL:shopify_PL_9790712217933_50310943605069,shopify_PL_9790712217933_50310943605069,CANPOL 34/920 - Smoczek silikonowy – mamapack,False,False,"DisplayAds,Shopping",approved,approved,approved,,,2,,
online:pl:PL:shopify_PL_9790716445005_50310953468237,shopify_PL_9790716445005_50310953468237,Lansinoh - Wkładki laktacyjne jednorazowe - 60 szt – mamapack,False,False,"DisplayAds,Shopping",approved,approved,approved,,,2,,
online:pl:PL:shopify_PL_9870190805325_50639386935629,shopify_PL_9870190805325_50639386935629,Torba bawełna do szpitala – mamapack Różowy,False,False,Shopping,approved,disapproved,approved,,,3,,
online:pl:PL:shopify_PL_9756449702221_50205944611149,shopify_PL_9756449702221_50205944611149,Majtki ciążowe MEDELA - Rozmiar L – mamapack,False,False,Shopping,approved,disapproved,approved,,,3,,
online:pl:PL:16511090014209914440,16511090014209914440,Torba do szpitala dla noworodka - gotowa wyprawka KOMPLETNA,True,True,Shopping,approved,,approved,,,0,,
online:pl:PL:shopify_PL_9807599468877_50445603963213,shopify_PL_9807599468877_50445603963213,Koszula do karmienia -(graphite) - Doctor Nap – mamapack XL,False,False,Shopping,approved,disapproved,approved,,,3,,
online:pl:PL:shopify_PL_9816066851149_50445779206477,shopify_PL_9816066851149_50445779206477,Doctor Nap szlafrok damski suwak – mamapack L,False,False,"DisplayAds,Shopping",approved,approved,approved,,,2,,
online:pl:PL:shopify_PL_10489715360077_53749050212685,shopify_PL_10489715360077_53749050212685,BIBS Supreme (160336) - Smoczek uspokajający – mamapack 1 (0+),False,False,"DisplayAds,Shopping",approved,approved,approved,,,0,,
online:pl:PL:shopify_PL_9790713790797_50310950322509,shopify_PL_9790713790797_50310950322509,CHICCO 00006569200000 - Szczotka+grzebień – mamapack,True,True,"DisplayAds,Shopping",approved,approved,approved,,,2,,
online:pl:PL:shopify_PL_10517866021197_53291451744589,shopify_PL_10517866021197_53291451744589,Torba do szpitala dla Mamy – wyprawka Rozszerzona – mamapack,True,True,"DisplayAds,Shopping",approved,approved,approved,,,0,,
online:pl:PL:shopify_PL_10517867528525_53291462525261,shopify_PL_10517867528525_53291462525261,Torba do szpitala dla Mamy – gotowa wyprawka Kompletna – mamapack,True,True,Shopping,approved,disapproved,approved,,,4,,
online:pl:PL:shopify_PL_9984447742285_51162997522765,shopify_PL_9984447742285_51162997522765,Luba Tuli - chusteczki nawilżane dla dzieci – mamapack,False,False,"DisplayAds,Shopping",approved,approved,approved,,,2,,
online:pl:PL:shopify_PL_9807599829325_50445557858637,shopify_PL_9807599829325_50445557858637,Koszula do karmienia -(dark_grey) -Doctor Nap – mamapack XL,False,False,Shopping,approved,disapproved,approved,,,3,,
online:pl:PL:shopify_PL_10556157690189_53428624687437,shopify_PL_10556157690189_53428624687437,CANPOL 2/441 - Łańcuszek – mamapack,False,False,"DisplayAds,Shopping",approved,approved,approved,,,2,,
online:pl:PL:shopify_PL_10619176747341_53707973198157,shopify_PL_10619176747341_53707973198157,Pikowana Torba do szpitala z Motywem Gwiazdek I – mamapack,False,False,"DisplayAds,Shopping",approved,approved,approved,,,2,,
online:pl:PL:shopify_PL_10585697091917_53564794175821,shopify_PL_10585697091917_53564794175821,AKUKU a1231 - Ręcznik kąpielowy - z kapturkiem – mamapack Różowy,False,False,"DisplayAds,Shopping",approved,approved,approved,,,2,,
online:pl:PL:shopify_PL_10594690138445_53714289787213,shopify_PL_10594690138445_53714289787213,b.o.1673 - Kocyk Bambusowy - Dzianina – mamapack Jasny beż/02,False,False,"DisplayAds,Shopping",approved,approved,approved,,,5,,
online:pl:PL:shopify_PL_10585697091917_53564794241357,shopify_PL_10585697091917_53564794241357,AKUKU a1231 - Ręcznik kąpielowy - z kapturkiem – mamapack Beige,False,False,"DisplayAds,Shopping",approved,approved,approved,,,2,,
online:pl:PL:shopify_PL_9790715101517_50310951665997,shopify_PL_9790715101517_50310951665997,Atk - Pielucha Flanelowa - kolor z nadrukiem – mamapack,False,False,"DisplayAds,Shopping",approved,approved,approved,,,2,,
online:pl:PL:shopify_PL_10556150645069_53428583956813,shopify_PL_10556150645069_53428583956813,CANPOL 34/930 - SMOCZEK - silikon orthodontic - SYMETRYCZNY - ( 0-6 m) - MOUNTAINS żółte- 2 szt.,False,False,"DisplayAds,Shopping",approved,approved,approved,,,2,,
online:pl:PL:11819093211468052610,11819093211468052610,Torba do szpitala dla MAMY – gotowa wyprawka PODSTAWOWA,True,True,Shopping,approved,,approved,,,1,,
online:pl:PL:shopify_PL_9790712545613_50310945210701,shopify_PL_9790712545613_50310945210701,AKUKU a0031 - chusteczki nawilżane wodą - 70 szt – mamapack,False,False,"DisplayAds,Shopping",approved,approved,approved,,,2,,
online:pl:PL:shopify_PL_9790713921869_50310950453581,shopify_PL_9790713921869_50310950453581,Bella Baby Happy Chusteczki nasączone - wit.E i – mamapack,False,False,"DisplayAds,Shopping",approved,approved,approved,,,2,,
online:pl:PL:shopify_PL_9790717952333_50472997552461,shopify_PL_9790717952333_50472997552461,b.o.500 - Jednorazowe Majtki poporodowe - 5 szt – mamapack XL,False,False,"DisplayAds,Shopping",approved,approved,approved,,,2,,
online:pl:PL:shopify_PL_9790720213325_50310957957453,shopify_PL_9790720213325_50310957957453,b.o.597 - Podkłady poporodowe Comfort - 10 szt – mamapack,False,False,"DisplayAds,Shopping",approved,approved,approved,,,2,,
online:pl:PL:shopify_PL_9790711628109_50310941376845,shopify_PL_9790711628109_50310941376845,AKUKU a0015 - Zestaw pielęgnacyjny - Grey Hooligans – mamapack,True,True,"DisplayAds,Shopping",approved,approved,approved,,,2,,
online:pl:PL:shopify_PL_9790718869837_50310956417357,shopify_PL_9790718869837_50310956417357,Bella - Wkładki laktacyjne Mamma - 30 szt – mamapack,False,False,"DisplayAds,Shopping",approved,approved,approved,,,2,,
online:pl:PL:shopify_PL_10630618480973_53749032124749,shopify_PL_10630618480973_53749032124749,BIBS Studio - Smoczek uspokajający – mamapack,True,True,"DisplayAds,Shopping",approved,approved,approved,,,0,,
online:pl:PL:shopify_PL_10556134654285_53428463337805,shopify_PL_10556134654285_53428463337805,CANPOL 2/417 - Szczotka + grzebień do włosów - - Goose – mamapack,False,False,"DisplayAds,Shopping",approved,approved,approved,,,2,,
online:pl:PL:shopify_PL_9790711824717_50310941999437,shopify_PL_9790711824717_50310941999437,AKUKU a0495 - Termometr do kąpieli - biała Owca – mamapack,False,False,"DisplayAds,Shopping",approved,approved,approved,,,2,,
online:pl:PL:shopify_PL_9790713725261_50310950256973,shopify_PL_9790713725261_50310950256973,CHICCO 00081311300000 - Butelka Nf – mamapack,False,False,"DisplayAds,Shopping",approved,approved,approved,,,2,,
online:pl:PL:shopify_PL_10489715360077_53749050245453,shopify_PL_10489715360077_53749050245453,BIBS Supreme (160336) - Smoczek uspokajający – mamapack 2 (6+),False,False,"DisplayAds,Shopping",approved,approved,approved,,,0,,
online:pl:PL:shopify_PL_10133099741517_51879308034381,shopify_PL_10133099741517_51879308034381,CANPOL 22/562 - Smoczek – mamapack,True,True,"DisplayAds,Shopping",approved,approved,approved,,,2,,
online:pl:PL:shopify_PL_9790713266509_50310949667149,shopify_PL_9790713266509_50310949667149,b.o.568/03 - Szczotka i grzebień do włosów – mamapack,True,True,"DisplayAds,Shopping",approved,approved,approved,,,2,,
online:pl:PL:shopify_PL_9790715199821_50310951797069,shopify_PL_9790715199821_50310951797069,Atk - Pielucha Flanelowa - Biała - - 1 szt – mamapack,False,False,"DisplayAds,Shopping",approved,approved,approved,,,2,,
online:pl:PL:shopify_PL_10556150645069_53530133102925,shopify_PL_10556150645069_53530133102925,CANPOL 34/930(1) - Smoczek – mamapack 0-6m,False,False,"DisplayAds,Shopping",approved,approved,approved,,,2,,
online:pl:PL:shopify_PL_9790713889101_50310950420813,shopify_PL_9790713889101_50310950420813,Dr.Browns sb2100 - Butelka standard - (60ml) - Options – mamapack,False,False,"DisplayAds,Shopping",approved,approved,approved,,,2,,
online:pl:PL:shopify_PL_9870156497229_50639337521485,shopify_PL_9870156497229_50639337521485,Pikowana Torba do szpitala z Tulipanami - Rozmiar: L – mamapack,False,False,"DisplayAds,Shopping",approved,approved,approved,,,2,,
online:pl:PL:shopify_PL_10574439055693_53516863340877,shopify_PL_10574439055693_53516863340877,B.O. 1670/01 - Smoczek – mamapack,False,False,"DisplayAds,Shopping",approved,approved,approved,,,2,,
online:pl:PL:shopify_PL_9756450160973_50205945200973,shopify_PL_9756450160973_50205945200973,Skarb Matki - Pomadka Ochronna – mamapack,False,False,"DisplayAds,Shopping",approved,approved,approved,,,2,,
online:pl:PL:shopify_PL_9790717526349_50483384254797,shopify_PL_9790717526349_50483384254797,b.o.585/30 - Biustonosz do karmienia - Neutralny – mamapack F 80-85,False,False,"DisplayAds,Shopping",approved,approved,approved,,,2,,
online:pl:PL:shopify_PL_10486383182157_53158579241293,shopify_PL_10486383182157_53158579241293,BIBS - Smoczek anatomiczny - - - Vanilla - 1 szt – mamapack,False,False,"DisplayAds,Shopping",approved,approved,approved,,,2,,
online:pl:PL:shopify_PL_9790718214477_50310955761997,shopify_PL_9790718214477_50310955761997,Lansinoh Pericare - Wkładki Żelowe poporodowe – mamapack,False,False,"DisplayAds,Shopping",approved,approved,approved,,,2,,
online:pl:PL:shopify_PL_9916727361869_50842105643341,shopify_PL_9916727361869_50842105643341,Klapki damskie - Biały – mamapack 37,False,False,"DisplayAds,Shopping",approved,approved,approved,,,2,,
online:pl:PL:shopify_PL_9870250541389_50639511945549,shopify_PL_9870250541389_50639511945549,Zestaw plastikowych butelek na produkty higieniczne 9 – mamapack,True,True,"DisplayAds,Shopping",approved,approved,approved,,,2,,
online:pl:PL:shopify_PL_9756450357581_50205945430349,shopify_PL_9756450357581_50205945430349,Bamboolove - Pieluszki - Rozmiar Xs - 27 szt – mamapack,False,False,"DisplayAds,Shopping",approved,approved,approved,,,2,,
online:pl:PL:shopify_PL_9790714151245_50310950682957,shopify_PL_9790714151245_50310950682957,CANPOL 3/115 - Bezpieczne patyczki dla niemowląt – mamapack,False,False,"DisplayAds,Shopping",approved,approved,approved,,,2,,
online:pl:PL:shopify_PL_10597862244685_53616764191053,shopify_PL_10597862244685_53616764191053,Duet Baby 547 - Okrycie Kąpielowe z kapturkiem + – mamapack Różowy,True,True,"DisplayAds,Shopping",approved,approved,approved,,,2,,
online:pl:PL:shopify_PL_9790717722957_50445683589453,shopify_PL_9790717722957_50445683589453,b.o.823 - Silikonowe osłonki na piersi Natural Nursing – mamapack M,False,False,"DisplayAds,Shopping",approved,approved,approved,,,2,,
online:pl:PL:shopify_PL_9790716346701_50310953369933,shopify_PL_9790716346701_50310953369933,AKUKU a0144 - Podkład higieniczny jednorazowy 60x90 cm – mamapack,False,False,"DisplayAds,Shopping",approved,approved,approved,,,2,,
online:pl:PL:shopify_PL_9756450619725_50205945725261,shopify_PL_9756450619725_50205945725261,Bella Baby Happy Papierowe Patyczki Higieniczne 56szt – mamapack,False,False,"DisplayAds,Shopping",approved,approved,approved,,,2,,
online:pl:PL:shopify_PL_10309722571085_52549404983629,shopify_PL_10309722571085_52549404983629,AKUKU a0306 - Laktator ręczny – mamapack,False,False,"DisplayAds,Shopping",approved,approved,approved,,,2,,
online:pl:PL:shopify_PL_9790712283469_50310943834445,shopify_PL_9790712283469_50310943834445,canpol 78/002 - Wielofunkcyjne Podkłady Higieniczne – mamapack,False,False,"DisplayAds,Shopping",approved,approved,approved,,,2,,
online:pl:PL:shopify_PL_9790717952333_50472997486925,shopify_PL_9790717952333_50472997486925,b.o.500 - Jednorazowe Majtki poporodowe - 5 szt – mamapack M,False,False,"DisplayAds,Shopping",approved,approved,approved,,,2,,
online:pl:PL:shopify_PL_10599881245005_53626727661901,shopify_PL_10599881245005_53626727661901,Rożek niemowlęcy Mix - standard 80x80 cm – mamapack Misie,False,False,"DisplayAds,Shopping",approved,approved,approved,,,2,,
online:pl:PL:shopify_PL_10556155265357_53428616954189,shopify_PL_10556155265357_53428616954189,CANPOL 1/661 - Ręczniki bambusowe dla niemowląt i – mamapack,False,False,"DisplayAds,Shopping",approved,approved,approved,,,2,,
online:pl:PL:shopify_PL_9790720377165_50310958154061,shopify_PL_9790720377165_50310958154061,b.o.599 - Podkłady poporodowe Night & Day - 10 szt – mamapack,False,False,"DisplayAds,Shopping",approved,approved,approved,,,3,,
online:pl:PL:shopify_PL_9984497156429_51163530297677,shopify_PL_9984497156429_51163530297677,AKUKU a0394 - Termometr pływający do kąpieli - Żyrafa – mamapack,False,False,"DisplayAds,Shopping",approved,approved,approved,,,2,,
online:pl:PL:shopify_PL_10389338358093_52815218180429,shopify_PL_10389338358093_52815218180429,Skarpetki niemowlęce - z misiami - (0–3 m) – mamapack,False,False,"DisplayAds,Shopping",approved,approved,approved,,,2,,
online:pl:PL:shopify_PL_9816066851149_50445779173709,shopify_PL_9816066851149_50445779173709,Doctor Nap szlafrok damski suwak – mamapack M,False,False,"DisplayAds,Shopping",approved,approved,approved,,,2,,
online:pl:PL:shopify_PL_9790720115021_50310957859149,shopify_PL_9790720115021_50310957859149,AKUKU a0254 - Podkład Peva 55x70 cm – mamapack,False,False,"DisplayAds,Shopping",approved,approved,approved,,,2,,
online:pl:PL:shopify_PL_9790716641613_50310953664845,shopify_PL_9790716641613_50310953664845,CHICCO 00061779000000 - Wkładki laktacyjne - 30 szt – mamapack,False,False,"DisplayAds,Shopping",approved,approved,approved,,,2,,
online:pl:PL:shopify_PL_10599881245005_53626727596365,shopify_PL_10599881245005_53626727596365,Rożek niemowlęcy Mix - standard 80x80 cm – mamapack Safari,False,False,"DisplayAds,Shopping",approved,approved,approved,,,2,,
online:pl:PL:10684112702236703032,10684112702236703032,Torba do szpitala dla noworodka - gotowa wyprawka ROZSZERZONA,True,True,Shopping,approved,,approved,,,0,,
online:pl:PL:shopify_PL_9756450718029_50205945921869,shopify_PL_9756450718029_50205945921869,Bella Happy 0 Before Newborn - Pieluszki dla – mamapack,False,False,"DisplayAds,Shopping",approved,approved,approved,,,2,,
online:pl:PL:shopify_PL_10497132396877_53196254478669,shopify_PL_10497132396877_53196254478669,B.O.585/11 - Biustonosz do karmienia - D70-75 - biały,False,False,Shopping,approved,disapproved,approved,,,3,,
online:pl:PL:shopify_PL_9790711562573_50310941311309,shopify_PL_9790711562573_50310941311309,AKUKU a0307 - Szczotka i grzebień – mamapack,False,False,"DisplayAds,Shopping",approved,approved,approved,,,2,,
online:pl:PL:shopify_PL_9807599108429_50445426524493,shopify_PL_9807599108429_50445426524493,Koszula do karmienia - (sweet_pink) - Doctor Nap – mamapack S,False,False,Shopping,approved,disapproved,approved,,,3,,
online:pl:PL:shopify_PL_10523326054733_53311333007693,shopify_PL_10523326054733_53311333007693,Torba do szpitala dla Mamy I Noworodka – gotowa – mamapack,True,True,"DisplayAds,Shopping",approved,approved,approved,,,0,,
online:pl:PL:shopify_PL_9807599829325_50445557891405,shopify_PL_9807599829325_50445557891405,Koszula do karmienia -(dark_grey) -Doctor Nap – mamapack XXL,False,False,Shopping,approved,disapproved,approved,,,3,,
online:pl:PL:shopify_PL_9756449472845_50473090744653,shopify_PL_9756449472845_50473090744653,Horizon-Majtki Poporodowe Siatka 2 szt – mamapack 38-40,False,False,"DisplayAds,Shopping",approved,approved,approved,,,5,,
online:pl:PL:shopify_PL_9807599665485_50445576733005,shopify_PL_9807599665485_50445576733005,Koszula do karmienia -(grey) - Doctor Nap – mamapack XL,False,False,Shopping,approved,disapproved,approved,,,3,,
online:pl:PL:shopify_PL_9790719492429_50310957072717,shopify_PL_9790719492429_50310957072717,CANPOL 78/008 - Dyskretne podpaski poporodowe – mamapack,False,False,Shopping,approved,disapproved,approved,,,3,,
online:pl:PL:shopify_PL_9790712086861_50310943146317,shopify_PL_9790712086861_50310943146317,Nivea Baby Toddies - Chusteczki nawilżane dla dzieci – mamapack,False,False,"DisplayAds,Shopping",approved,approved,approved,,,2,,
online:pl:PL:shopify_PL_9807598387533_50445643022669,shopify_PL_9807598387533_50445643022669,Szlafrok damski bambusowy wiązany - Doctor Nap – mamapack L,False,False,"DisplayAds,Shopping",approved,approved,approved,,,2,,
online:pl:PL:shopify_PL_9756449472845_50473090810189,shopify_PL_9756449472845_50473090810189,Horizon-Majtki Poporodowe Siatka 2 szt – mamapack 44-46,False,False,"DisplayAds,Shopping",approved,approved,approved,,,5,,
online:pl:PL:shopify_PL_9916729557325_50842121896269,shopify_PL_9916729557325_50842121896269,Klapki damskie - Żółty – mamapack 37,False,False,"DisplayAds,Shopping",approved,approved,approved,,,2,,
online:pl:PL:shopify_PL_10389331476813_52815187607885,shopify_PL_10389331476813_52815187607885,Rożek niemowlęcy - standard 80x80 cm – mamapack,False,False,"DisplayAds,Shopping",approved,approved,approved,,,2,,
online:pl:PL:shopify_PL_10556128493901_53517123748173,shopify_PL_10556128493901_53517123748173,CANPOL 22/667(8) - Smoczek – mamapack 0-6 m,False,False,"DisplayAds,Shopping",approved,approved,approved,,,2,,
online:pl:PL:shopify_PL_10556145303885_53530090602829,shopify_PL_10556145303885_53530090602829,CANPOL 35/242(3) - Butelka antykolkowa – mamapack 120 ml (0+),False,False,"DisplayAds,Shopping",approved,approved,approved,,,2,,
online:pl:PL:shopify_PL_9756451078477_50205946380621,shopify_PL_9756451078477_50205946380621,Biały Jeleń hipoalergiczna emulsja do Higieny – mamapack,False,False,"DisplayAds,Shopping",approved,approved,approved,,,5,,
online:pl:PL:shopify_PL_9790718771533_50310956351821,shopify_PL_9790718771533_50310956351821,b.o.298/01 - Wkładki laktacyjne Natural Nursing – mamapack,False,False,"DisplayAds,Shopping",approved,approved,approved,,,2,,
online:pl:PL:shopify_PL_9790719951181_50472983822669,shopify_PL_9790719951181_50472983822669,b.o.503 - Wielorazowe majtki - Siateczkowe - 2 szt – mamapack XL,False,False,"DisplayAds,Shopping",approved,approved,approved,,,2,,
online:pl:PL:shopify_PL_10486402384205_53158777717069,shopify_PL_10486402384205_53158777717069,BIBS - Smoczek anatomiczny - - - Ivory - 1 szt – mamapack,False,False,"DisplayAds,Shopping",approved,approved,approved,,,2,,
online:pl:PL:shopify_PL_10597744902477_53615658697037,shopify_PL_10597744902477_53615658697037,CANPOL 23/910 - Smoczek - Symetryczny - - 2szt – mamapack,False,False,"DisplayAds,Shopping",approved,approved,approved,,,2,,
online:pl:PL:shopify_PL_10497183809869_53710885355853,shopify_PL_10497183809869_53710885355853,tcb.9504 - Koszula do karmienia - (grey) - Doctor Nap – mamapack M,False,False,Shopping,approved,disapproved,approved,,,3,,
online:pl:PL:shopify_PL_10336392118605_52659344343373,shopify_PL_10336392118605_52659344343373,CANPOL 34/924 Smoczek uspokajający silikonowy – mamapack,False,False,"DisplayAds,Shopping",approved,approved,approved,,,2,,
online:pl:PL:shopify_PL_9790717067597_53615585788237,shopify_PL_9790717067597_53615585788237,"b.o.1647/(1,2,3) - Kocyk bawełniany - Dzianinynowy – mamapack Szary",False,False,"DisplayAds,Shopping",approved,approved,approved,,,2,,
online:pl:PL:shopify_PL_10133101543757_51879329202509,shopify_PL_10133101543757_51879329202509,CANPOL 22/580 - Smoczek – mamapack,True,True,"DisplayAds,Shopping",approved,approved,approved,,,2,,
online:pl:PL:shopify_PL_9790715330893_50310951928141,shopify_PL_9790715330893_50310951928141,CHICCO 00002256400000 - Krem na brodawki - (30 ml) – mamapack,False,False,Shopping,approved,disapproved,approved,,,6,,
online:pl:PL:shopify_PL_10497132396877_53609085862221,shopify_PL_10497132396877_53609085862221,b.o.585/11 - Biustonosz do karmienia - Biały – mamapack B75-80,False,False,"DisplayAds,Shopping",approved,approved,approved,,,2,,
online:pl:PL:shopify_PL_9790718738765_50310956319053,shopify_PL_9790718738765_50310956319053,b.o.509 - Podkład do przewijania 60x90cm - 10 szt – mamapack,False,False,"DisplayAds,Shopping",approved,approved,approved,,,2,,
online:pl:PL:shopify_PL_10486354903373_53158359073101,shopify_PL_10486354903373_53158359073101,b.o.568/04 - Szczotka i grzebień do włosów – mamapack,True,True,"DisplayAds,Shopping",approved,approved,approved,,,2,,
online:pl:PL:shopify_PL_10486365815117_53158445744461,shopify_PL_10486365815117_53158445744461,b.o.066 - Bezpieczne nożyczki - Take Care – mamapack,False,False,"DisplayAds,Shopping",approved,approved,approved,,,2,,
online:pl:PL:shopify_PL_9790716117325_53196365234509,shopify_PL_9790716117325_53196365234509,AKUKU a0234 - Majtki siateczkowe wielorazowe - 2 szt – mamapack M,False,False,"DisplayAds,Shopping",approved,approved,approved,,,5,,
online:pl:PL:shopify_PL_9916836577613_50842599457101,shopify_PL_9916836577613_50842599457101,Ziaja - Płyn do higieny intymnej - Mamma Mia - 300 ml – mamapack,False,False,"DisplayAds,Shopping",approved,approved,approved,,,5,,
online:pl:PL:shopify_PL_10606429536589_53652919550285,shopify_PL_10606429536589_53652919550285,Pieluszka muślinowa - ulewajka – mamapack 1-Miś Śpioch,False,False,"DisplayAds,Shopping",approved,approved,approved,,,2,,
online:pl:PL:shopify_PL_9790713823565_50310950355277,shopify_PL_9790713823565_50310950355277,CANPOL 78/006 - Wielofunkcyjne podklady higieniczne – mamapack,False,False,"DisplayAds,Shopping",approved,approved,approved,,,2,,
online:pl:PL:shopify_PL_9816070717773_50445822820685,shopify_PL_9816070717773_50445822820685,Skarpety damskie (grey Swan) - Doctor Nap – mamapack 35-37,False,False,"DisplayAds,Shopping",approved,approved,approved,,,2,,
online:pl:PL:shopify_PL_9756450685261_50205945889101,shopify_PL_9756450685261_50205945889101,Bella Baby Happy Newborn- pieluszki - 2-5kg - 42 szt – mamapack,False,False,"DisplayAds,Shopping",approved,approved,approved,,,2,,
online:pl:PL:shopify_PL_9756451045709_50205946347853,shopify_PL_9756451045709_50205946347853,Skarb Matki - Pielęgnacyjny Krem Ochronny – mamapack,False,False,"DisplayAds,Shopping",approved,approved,approved,,,5,,
online:pl:PL:shopify_PL_10599592624461_53626601701709,shopify_PL_10599592624461_53626601701709,Rożek niemowlęcy Muślinowy - 75x75 cm – mamapack Zajączki,False,False,"DisplayAds,Shopping",approved,approved,approved,,,2,,
online:pl:PL:shopify_PL_9816070717773_50445822853453,shopify_PL_9816070717773_50445822853453,Skarpety damskie (grey Swan) - Doctor Nap – mamapack 38-40,False,False,"DisplayAds,Shopping",approved,approved,approved,,,2,,
online:pl:PL:shopify_PL_9790721130829_50310958907725,shopify_PL_9790721130829_50310958907725,b.o.397/12 - Naturalne pieluszki – mamapack,False,False,"DisplayAds,Shopping",approved,approved,approved,,,2,,
online:pl:PL:shopify_PL_9790721065293_50310958809421,shopify_PL_9790721065293_50310958809421,b.o.397/09 - Naturalne pieluszki – mamapack,False,False,"DisplayAds,Shopping",approved,approved,approved,,,2,,
online:pl:PL:shopify_PL_9807599468877_50445603897677,shopify_PL_9807599468877_50445603897677,Koszula do karmienia -(graphite) - Doctor Nap – mamapack M,False,False,Shopping,approved,disapproved,approved,,,3,,
online:pl:PL:shopify_PL_10530890285389_53341246292301,shopify_PL_10530890285389_53341246292301,AKUKU a0418 - Nożyczki - do paznokci – mamapack,False,False,"DisplayAds,Shopping",approved,approved,approved,,,2,,
online:pl:PL:shopify_PL_9790719263053_53714391564621,shopify_PL_9790719263053_53714391564621,b.o.1553 - Okrycie kąpielowe z kapturkiem – mamapack ciemny beż /06,False,False,"DisplayAds,Shopping",approved,approved,approved,,,2,,
online:pl:PL:shopify_PL_9790719263053_53714391531853,shopify_PL_9790719263053_53714391531853,b.o.1553 - Okrycie kąpielowe z kapturkiem – mamapack jasny beż /05,False,False,"DisplayAds,Shopping",approved,approved,approved,,,2,,
online:pl:PL:shopify_PL_9870100431181_50639290630477,shopify_PL_9870100431181_50639290630477,Torba do szpitala-010 – mamapack Blue,False,False,"DisplayAds,Shopping",approved,approved,approved,,,2,,
online:pl:PL:shopify_PL_9790719951181_50472983789901,shopify_PL_9790719951181_50472983789901,b.o.503 - Wielorazowe majtki - Siateczkowe - 2 szt – mamapack L,False,False,"DisplayAds,Shopping",approved,approved,approved,,,2,,
online:pl:PL:shopify_PL_9790719263053_53714391597389,shopify_PL_9790719263053_53714391597389,b.o.1553 - Okrycie kąpielowe z kapturkiem – mamapack kremowe /07,False,False,"DisplayAds,Shopping",approved,approved,approved,,,2,,
online:pl:PL:shopify_PL_9790720803149_50310958580045,shopify_PL_9790720803149_50310958580045,b.o.348/07 - Pieluszki - Muślinowe - super miękkie – mamapack,True,True,"DisplayAds,Shopping",approved,approved,approved,,,5,,
online:pl:PL:shopify_PL_10497188561229_53196445974861,shopify_PL_10497188561229_53196445974861,tcb.9505 - Koszula do karmienia - Xxl - - Doctor Nap – mamapack,False,False,Shopping,approved,disapproved,approved,,,3,,
online:pl:PL:shopify_PL_10379212816717_52779969118541,shopify_PL_10379212816717_52779969118541,b.o.777/03 - Termometr do wody - Take Care - różowy – mamapack,False,False,"DisplayAds,Shopping",approved,approved,approved,,,2,,
online:pl:PL:shopify_PL_9790717526349_50483384222029,shopify_PL_9790717526349_50483384222029,b.o.585/30 - Biustonosz do karmienia - Neutralny – mamapack E 80-85,False,False,"DisplayAds,Shopping",approved,approved,approved,,,2,,
online:pl:PL:shopify_PL_10550679470413_53406328193357,shopify_PL_10550679470413_53406328193357,Pikowana Torba do szpitala z Tulipanami - Rozmiar: M – mamapack,False,False,"DisplayAds,Shopping",approved,approved,approved,,,2,,
online:pl:PL:shopify_PL_9756450750797_50205945954637,shopify_PL_9756450750797_50205945954637,Skarb Matki - Puder - dla niemowląt i dzieci - 120g – mamapack,False,False,"DisplayAds,Shopping",approved,approved,approved,,,5,,
online:pl:PL:shopify_PL_9807598485837_50445647937869,shopify_PL_9807598485837_50445647937869,Szlafrok Damski z delikatnego muślinu - Doctor Nap – mamapack M,False,False,"DisplayAds,Shopping",approved,approved,approved,,,2,,
online:pl:PL:shopify_PL_10309720801613_52549399118157,shopify_PL_10309720801613_52549399118157,AKUKU a0399 - Kolektor na mleko - (ręczny) – mamapack,False,False,"DisplayAds,Shopping",approved,approved,approved,,,2,,
online:pl:PL:shopify_PL_9790718673229_50445669138765,shopify_PL_9790718673229_50445669138765,LOVI 5/605(606) - Silikonowe osłonki piersi Skin – mamapack S,False,False,"DisplayAds,Shopping",approved,approved,approved,,,2,,
online:pl:PL:shopify_PL_9984490242381_51163459060045,shopify_PL_9984490242381_51163459060045,Rożek niemowlęcy - standard 75x75 cm - - bawełna 100% – mamapack,False,False,"DisplayAds,Shopping",approved,approved,approved,,,0,,
online:pl:PL:shopify_PL_9756449407309_50205944349005,shopify_PL_9756449407309_50205944349005,Seni Soft Super - Podkłady higieniczne 40x60cm – mamapack,False,False,"DisplayAds,Shopping",approved,approved,approved,,,2,,
online:pl:PL:13606874948860542676,13606874948860542676,BIBS - Smoczek - kauczuk - SZAŁWIA,False,False,Shopping,approved,,approved,,,0,,
online:pl:PL:shopify_PL_10594690138445_53608457044301,shopify_PL_10594690138445_53608457044301,b.o.1673 - Kocyk Bambusowy - Dzianina – mamapack Różowy/01,False,False,"DisplayAds,Shopping",approved,approved,approved,,,5,,
online:pl:PL:shopify_PL_9756450947405_50205946151245,shopify_PL_9756450947405_50205946151245,Skarb Matki- Oliwka Pielęgnacyjna - w żelu z witaminą – mamapack,False,False,"DisplayAds,Shopping",approved,approved,approved,,,5,,
online:pl:PL:shopify_PL_9916730147149_50842117374285,shopify_PL_9916730147149_50842117374285,Klapki damskie - Różowy – mamapack 36,False,False,"DisplayAds,Shopping",approved,approved,approved,,,2,,
online:pl:PL:shopify_PL_9807599829325_50445557760333,shopify_PL_9807599829325_50445557760333,Koszula do karmienia -(dark_grey) -Doctor Nap – mamapack S,False,False,Shopping,approved,disapproved,approved,,,3,,
online:pl:PL:shopify_PL_9916729557325_50842121863501,shopify_PL_9916729557325_50842121863501,Klapki damskie - Żółty – mamapack 36,False,False,"DisplayAds,Shopping",approved,approved,approved,,,2,,
online:pl:PL:shopify_PL_9807598747981_50445618872653,shopify_PL_9807598747981_50445618872653,Koszula do karmienia - (beige) - Doctor Nap – mamapack L,False,False,"DisplayAds,Shopping",approved,approved,approved,,,2,,
online:pl:PL:shopify_PL_9790720475469_50310958252365,shopify_PL_9790720475469_50310958252365,b.o.348/11 - Pieluszki - Muślinowe - super miękkie – mamapack,True,True,"DisplayAds,Shopping",approved,approved,approved,,,2,,
online:pl:PL:shopify_PL_9916769960269_50842345111885,shopify_PL_9916769960269_50842345111885,Roztwór Fizjologiczny - INhalacja soli - 5 Ampułek – mamapack,False,False,"DisplayAds,Shopping",approved,approved,approved,,,5,,
online:pl:PL:shopify_PL_9790717067597_53615585821005,shopify_PL_9790717067597_53615585821005,"b.o.1647/(1,2,3) - Kocyk bawełniany - Dzianinynowy – mamapack Różowy",False,False,"DisplayAds,Shopping",approved,approved,approved,,,2,,
online:pl:PL:shopify_PL_9790718378317_50310955958605,shopify_PL_9790718378317_50310955958605,Nuk 252137 - Wkładki laktacyjne High Peformence – mamapack,False,False,"DisplayAds,Shopping",approved,approved,approved,,,2,,
online:pl:PL:shopify_PL_10555969110349_53427397230925,shopify_PL_10555969110349_53427397230925,Klapki damskie – Brązowy – mamapack 37,False,False,"DisplayAds,Shopping",approved,approved,approved,,,2,,
online:pl:PL:shopify_PL_9790715986253_50473175843149,shopify_PL_9790715986253_50473175843149,AKUKU a0549 - Majtki poporodowe - 5 szt – mamapack XL,False,False,"DisplayAds,Shopping",approved,approved,approved,,,2,,
online:pl:PL:shopify_PL_10621081583949_53714003394893,shopify_PL_10621081583949_53714003394893,Pikowana Torba dla mamy i niemowlęcia – mleczna Z – mamapack Wzór w misie,False,False,"DisplayAds,Shopping",approved,approved,approved,,,2,,
online:pl:PL:shopify_PL_9984539656525_51163750629709,shopify_PL_9984539656525_51163750629709,Pieluszka tetrowa - Druk - (70x80) - mix kolorów – mamapack,False,False,"DisplayAds,Shopping",approved,approved,approved,,,2,,
online:pl:PL:shopify_PL_9790717526349_50483384156493,shopify_PL_9790717526349_50483384156493,b.o.585/30 - Biustonosz do karmienia - Neutralny – mamapack C 80-85,False,False,"DisplayAds,Shopping",approved,approved,approved,,,2,,
online:pl:PL:shopify_PL_10288931995981_52471604904269,shopify_PL_10288931995981_52471604904269,Odżywka z keratyną - Kozie Mleko - Ziaja – mamapack,False,False,"DisplayAds,Shopping",approved,approved,approved,,,5,,
online:pl:PL:shopify_PL_10597862244685_53616764223821,shopify_PL_10597862244685_53616764223821,Duet Baby 547 - Okrycie Kąpielowe z kapturkiem + – mamapack Beżowy,True,True,"DisplayAds,Shopping",approved,approved,approved,,,2,,
online:pl:PL:shopify_PL_9790718083405_50310955598157,shopify_PL_9790718083405_50310955598157,AKUKU a0069 - Podkład poporodowy - Slim – mamapack,False,False,"DisplayAds,Shopping",approved,approved,approved,,,2,,
online:pl:PL:8641583731927345873,8641583731927345873,Torba do szpitala dla DLA MAMY I NOWORODKA – gotowa wyprawka KOMPLETNA,True,True,Shopping,approved,,approved,,,0,,
online:pl:PL:shopify_PL_9807599108429_50445424591181,shopify_PL_9807599108429_50445424591181,Koszula do karmienia - (sweet_pink) - Doctor Nap – mamapack XXL,False,False,Shopping,approved,disapproved,approved,,,3,,
online:pl:PL:shopify_PL_9790717526349_50483384123725,shopify_PL_9790717526349_50483384123725,b.o.585/30 - Biustonosz do karmienia - Neutralny – mamapack C 75-80,False,False,"DisplayAds,Shopping",approved,approved,approved,,,2,,
online:pl:PL:shopify_PL_9807598911821_50445615235405,shopify_PL_9807598911821_50445615235405,Koszula do karmienia -( Deep Blue) - Doctor Nap – mamapack L,False,False,"DisplayAds,Shopping",approved,approved,approved,,,2,,
online:pl:PL:shopify_PL_9790719689037_50472956723533,shopify_PL_9790719689037_50472956723533,CANPOL 16/000(1) - Majtki dla kobiet w ciąży i po – mamapack L/XL,False,False,Shopping,approved,disapproved,approved,,,3,,
online:pl:PL:shopify_PL_9790716510541_50310953533773,shopify_PL_9790716510541_50310953533773,AKUKU a0160 - Wkładki laktacyjne Daily - 60 szt – mamapack,False,False,"DisplayAds,Shopping",approved,approved,approved,,,2,,
online:pl:PL:shopify_PL_9916730147149_50842117407053,shopify_PL_9916730147149_50842117407053,Klapki damskie - Różowy – mamapack 37,False,False,"DisplayAds,Shopping",approved,approved,approved,,,2,,
online:pl:PL:shopify_PL_9790716608845_50310953632077,shopify_PL_9790716608845_50310953632077,CANPOL 26/901 - Pieluszki Muślinowe – mamapack,True,True,"DisplayAds,Shopping",approved,approved,approved,,,2,,
online:pl:PL:shopify_PL_9790721655117_50310959432013,shopify_PL_9790721655117_50310959432013,canpol 78/001 - Oddychające podkłady poporodowe Na Noc – mamapack,False,False,"DisplayAds,Shopping",approved,approved,approved,,,2,,
online:pl:PL:shopify_PL_9790720672077_50310958448973,shopify_PL_9790720672077_50310958448973,b.o.348/08- Pieluszki - Muślinowe - super miękkie – mamapack,True,True,"DisplayAds,Shopping",approved,approved,approved,,,5,,
online:pl:PL:shopify_PL_9870190805325_50639386968397,shopify_PL_9870190805325_50639386968397,Torba bawełna do szpitala – mamapack Beige,False,False,Shopping,approved,disapproved,approved,,,3,,
online:pl:PL:shopify_PL_9870226653517_50639460335949,shopify_PL_9870226653517_50639460335949,Torba do szpitala-01 – mamapack,False,False,"DisplayAds,Shopping",approved,approved,approved,,,2,,
online:pl:PL:shopify_PL_9807599665485_50445576765773,shopify_PL_9807599665485_50445576765773,Koszula do karmienia -(grey) - Doctor Nap – mamapack XXL,False,False,Shopping,approved,disapproved,approved,,,3,,
online:pl:PL:shopify_PL_10486348611917_53158303826253,shopify_PL_10486348611917_53158303826253,CANPOL 2/424 - Szczotka + grzebień do włosów -(miękka) – mamapack,False,False,"DisplayAds,Shopping",approved,approved,approved,,,2,,
online:pl:PL:shopify_PL_9916745384269_50842199785805,shopify_PL_9916745384269_50842199785805,Dada Extra Care -Pieluszki - Rozm. 1 - - 26 szt – mamapack,False,False,"DisplayAds,Shopping",approved,approved,approved,,,2,,
online:pl:PL:shopify_PL_9807598911821_50445615202637,shopify_PL_9807598911821_50445615202637,Koszula do karmienia -( Deep Blue) - Doctor Nap – mamapack M,False,False,"DisplayAds,Shopping",approved,approved,approved,,,2,,
online:pl:PL:shopify_PL_9870100431181_50639275229517,shopify_PL_9870100431181_50639275229517,Torba do szpitala-010 – mamapack Pink,False,False,"DisplayAds,Shopping",approved,approved,approved,,,2,,
online:pl:PL:shopify_PL_10489577210189_53175404527949,shopify_PL_10489577210189_53175404527949,BIBS - Smoczek anatomiczny - - - Baby Blue - 1 szt – mamapack,False,False,"DisplayAds,Shopping",approved,approved,approved,,,2,,
online:pl:PL:shopify_PL_9790716576077_50310953599309,shopify_PL_9790716576077_50310953599309,CANPOL 26/901 - Pieluszki Muślinowe – mamapack,True,True,"DisplayAds,Shopping",approved,approved,approved,,,2,,
online:pl:PL:shopify_PL_9807599665485_50445576634701,shopify_PL_9807599665485_50445576634701,Koszula do karmienia -(grey) - Doctor Nap – mamapack S,False,False,Shopping,approved,disapproved,approved,,,3,,
online:pl:PL:shopify_PL_9870213415245_50639444312397,shopify_PL_9870213415245_50639444312397,Torba do szpitala-02 – mamapack Beige,False,False,"DisplayAds,Shopping",approved,approved,approved,,,2,,
online:pl:PL:shopify_PL_9816061804877_50445764919629,shopify_PL_9816061804877_50445764919629,Biustonosz sportowy do karmienia Doctor Nap – mamapack XL,False,False,Shopping,approved,disapproved,approved,,,3,,
online:pl:PL:shopify_PL_9807599829325_50445557793101,shopify_PL_9807599829325_50445557793101,Koszula do karmienia -(dark_grey) -Doctor Nap – mamapack M,False,False,Shopping,approved,disapproved,approved,,,3,,
online:pl:PL:shopify_PL_9790714937677_50310951534925,shopify_PL_9790714937677_50310951534925,Bambino 83671 - Żel do mycia ciała i włosów - 2w1 – mamapack,False,False,"DisplayAds,Shopping",approved,approved,approved,,,5,,
online:pl:PL:shopify_PL_10555969110349_53427397263693,shopify_PL_10555969110349_53427397263693,Klapki damskie – Brązowy – mamapack 39,False,False,"DisplayAds,Shopping",approved,approved,approved,,,2,,
online:pl:PL:shopify_PL_9984493814093_51163500806477,shopify_PL_9984493814093_51163500806477,Rożek niemowlęcy - standard 75x75 cm - - bawełna 100% – mamapack,False,False,"DisplayAds,Shopping",approved,approved,approved,,,0,,
online:pl:PL:shopify_PL_9790719066445_50310956646733,shopify_PL_9790719066445_50310956646733,BabyMatex Prestige dwustronny kocyk bawełniany 75x100 cm,False,False,"DisplayAds,Shopping",approved,approved,approved,,,2,,
online:pl:PL:shopify_PL_10289048846669_52471901815117,shopify_PL_10289048846669_52471901815117,b.o.721/03 - Szczotka do butelek i smoczków – mamapack,False,False,"DisplayAds,Shopping",approved,approved,approved,,,2,,
online:pl:PL:shopify_PL_10486358081869_53158381551949,shopify_PL_10486358081869_53158381551949,AKUKU a0473 - Zestaw do pielęgnacji - - Szary – mamapack,True,True,"DisplayAds,Shopping",approved,approved,approved,,,2,,
online:pl:PL:shopify_PL_9756450193741_50205945233741,shopify_PL_9756450193741_50205945233741,Skarb Matki - Pomadka Ochronna – mamapack,False,False,"DisplayAds,Shopping",approved,approved,approved,,,2,,
online:pl:PL:shopify_PL_9807599468877_50445603930445,shopify_PL_9807599468877_50445603930445,Koszula do karmienia -(graphite) - Doctor Nap – mamapack L,False,False,Shopping,approved,disapproved,approved,,,3,,
online:pl:PL:shopify_PL_10597750341965_53615682355533,shopify_PL_10597750341965_53615682355533,Albero Mio c015 - Ręcznik kąpielowy - z kapturkiem – mamapack,False,False,"DisplayAds,Shopping",approved,approved,approved,,,2,,
online:pl:PL:shopify_PL_9870100431181_50639290663245,shopify_PL_9870100431181_50639290663245,Torba do szpitala-010 – mamapack Burgundy,False,False,"DisplayAds,Shopping",approved,approved,approved,,,2,,
online:pl:PL:shopify_PL_9807598485837_50445647905101,shopify_PL_9807598485837_50445647905101,Szlafrok Damski z delikatnego muślinu - Doctor Nap – mamapack S,False,False,"DisplayAds,Shopping",approved,approved,approved,,,2,,
online:pl:PL:shopify_PL_10594690138445_53608457011533,shopify_PL_10594690138445_53608457011533,b.o.1673 - Kocyk Bambusowy - Dzianina – mamapack Niebieski/04,False,False,"DisplayAds,Shopping",approved,approved,approved,,,5,,
online:pl:PL:shopify_PL_10199908843853_52187542094157,shopify_PL_10199908843853_52187542094157,Rożek niemowlęcy - standard 80x80 cm – mamapack,False,False,"DisplayAds,Shopping",approved,approved,approved,,,2,,
online:pl:PL:shopify_PL_9807598387533_50445642957133,shopify_PL_9807598387533_50445642957133,Szlafrok damski bambusowy wiązany - Doctor Nap – mamapack S,False,False,"DisplayAds,Shopping",approved,approved,approved,,,2,,
online:pl:PL:shopify_PL_9816061804877_50445764886861,shopify_PL_9816061804877_50445764886861,Biustonosz sportowy do karmienia Doctor Nap – mamapack L,False,False,Shopping,approved,disapproved,approved,,,3,,
online:pl:PL:shopify_PL_9916753576269_50842244579661,shopify_PL_9916753576269_50842244579661,Jednorazowe nakładki na toaletę - Biodegradowalne – mamapack,False,False,"DisplayAds,Shopping",approved,approved,approved,,,2,,
online:pl:PL:shopify_PL_10485662679373_53156543758669,shopify_PL_10485662679373_53156543758669,CANPOL 34/920 - Smoczek silikonowy – mamapack,False,False,"DisplayAds,Shopping",approved,approved,approved,,,2,,
online:pl:PL:shopify_PL_9816081236301_50445958873421,shopify_PL_9816081236301_50445958873421,Avent-Zestaw: Butelka dla niemowląt 125ml + Smoczek – mamapack,True,True,"DisplayAds,Shopping",approved,approved,approved,,,2,,
online:pl:PL:shopify_PL_9790716281165_50310953304397,shopify_PL_9790716281165_50310953304397,AKUKU a0030 - Nawilżany papier toaletowy - 50 szt – mamapack,False,False,"DisplayAds,Shopping",approved,approved,approved,,,5,,
online:pl:PL:shopify_PL_9756450521421_50205945626957,shopify_PL_9756450521421_50205945626957,Bamboolove - Pieluszki - Rozmiar M - 24 szt – mamapack,False,False,"DisplayAds,Shopping",approved,approved,approved,,,2,,
online:pl:PL:shopify_PL_10523329921357_53311374360909,shopify_PL_10523329921357_53311374360909,Torba do szpitala dla Mamy i Noworodka – gotowa – mamapack,True,True,"DisplayAds,Shopping",approved,approved,approved,,,0,,
online:pl:PL:shopify_PL_9756449866061_50205944774989,shopify_PL_9756449866061_50205944774989,CHICCO- Chusteczki Do Pielęgnacji Piersi 72szt – mamapack,False,False,"DisplayAds,Shopping",approved,approved,approved,,,2,,
online:pl:PL:shopify_PL_9790716182861_50310953206093,shopify_PL_9790716182861_50310953206093,AKUKU a0501 - Podkład jednorazowy 60x90 cm Sensitive – mamapack,False,False,"DisplayAds,Shopping",approved,approved,approved,,,2,,
online:pl:PL:shopify_PL_9790720508237_50310958285133,shopify_PL_9790720508237_50310958285133,b.o.348/10 - Pieluszki - Muślinowe - super miękkie – mamapack,False,False,"DisplayAds,Shopping",approved,approved,approved,,,5,,
online:pl:PL:shopify_PL_9790719394125_50310956974413,shopify_PL_9790719394125_50310956974413,CANPOL 78/007 - Dyskretne podpaski poporodowe – mamapack,False,False,Shopping,approved,disapproved,approved,,,3,,
online:pl:PL:shopify_PL_10597862244685_53616764289357,shopify_PL_10597862244685_53616764289357,Duet Baby 547 - Okrycie Kąpielowe z kapturkiem + – mamapack Niebieski,True,True,"DisplayAds,Shopping",approved,approved,approved,,,2,,
online:pl:PL:shopify_PL_10486362538317_53158425887053,shopify_PL_10486362538317_53158425887053,CANPOL 9/809 - Nożyczki + cążki + pilniczek – mamapack,True,True,"DisplayAds,Shopping",approved,approved,approved,,,2,,
online:pl:PL:shopify_PL_9756449767757_50205944676685,shopify_PL_9756449767757_50205944676685,CHICCO- Chusteczki Do Pielęgnacji Piersi 16szt – mamapack,False,False,"DisplayAds,Shopping",approved,approved,approved,,,2,,
online:pl:PL:shopify_PL_10606429536589_53652919615821,shopify_PL_10606429536589_53652919615821,Pieluszka muślinowa - ulewajka – mamapack 3-Teddy,False,False,"DisplayAds,Shopping",approved,approved,approved,,,2,,
online:pl:PL:shopify_PL_10379298603341_52780479643981,shopify_PL_10379298603341_52780479643981,CANPOL 2/118 - Gruszka do nosa – mamapack,False,False,"DisplayAds,Shopping",approved,approved,approved,,,2,,
online:pl:PL:shopify_PL_9756450029901_50205945037133,shopify_PL_9756450029901_50205945037133,Kindii Pure - Płatki Bawełniane Kosmetyczne Dla – mamapack,False,False,"DisplayAds,Shopping",approved,approved,approved,,,2,,
online:pl:PL:shopify_PL_9756450816333_50205946020173,shopify_PL_9756450816333_50205946020173,Skarb Matki-Femina - Pianka do Higieny Intymnej – mamapack,False,False,"DisplayAds,Shopping",approved,approved,approved,,,5,,
online:pl:PL:shopify_PL_9807599272269_50445608714573,shopify_PL_9807599272269_50445608714573,Koszula do karmienia -( różowy) - Doctor Nap – mamapack S,False,False,Shopping,approved,disapproved,approved,,,3,,
online:pl:PL:shopify_PL_10588679831885_53600947437901,shopify_PL_10588679831885_53600947437901,BIBS - Smoczek - kauczuk - Szałwia – mamapack 1 (0m+),False,False,"DisplayAds,Shopping",approved,approved,approved,,,2,,
online:pl:PL:shopify_PL_10606429536589_53652919583053,shopify_PL_10606429536589_53652919583053,Pieluszka muślinowa - ulewajka – mamapack 2-Ważki,False,False,"DisplayAds,Shopping",approved,approved,approved,,,2,,
online:pl:PL:shopify_PL_9984483131725_51163397390669,shopify_PL_9984483131725_51163397390669,AKUKU a0040 - Zestaw Do Manicure – mamapack,True,True,"DisplayAds,Shopping",approved,approved,approved,,,2,,
online:pl:PL:shopify_PL_10517869068621_53291474682189,shopify_PL_10517869068621_53291474682189,Torba do szpitala dla Mamy – gotowa wyprawka Premium – mamapack,True,True,Shopping,approved,disapproved,approved,,,1,,
online:pl:PL:shopify_PL_9816066851149_50445779239245,shopify_PL_9816066851149_50445779239245,Doctor Nap szlafrok damski suwak – mamapack XL,False,False,"DisplayAds,Shopping",approved,approved,approved,,,2,,
online:pl:PL:shopify_PL_9807599108429_50445426590029,shopify_PL_9807599108429_50445426590029,Koszula do karmienia - (sweet_pink) - Doctor Nap – mamapack L,False,False,Shopping,approved,disapproved,approved,,,3,,
online:pl:PL:shopify_PL_9807599272269_50445608812877,shopify_PL_9807599272269_50445608812877,Koszula do karmienia -( różowy) - Doctor Nap – mamapack XL,False,False,Shopping,approved,disapproved,approved,,,3,,
online:pl:PL:shopify_PL_10606479671629_53652995309901,shopify_PL_10606479671629_53652995309901,BIBS Liberty - Smoczek uspokajający - - latex - Różowy – mamapack 3 (18m+),True,True,"DisplayAds,Shopping",approved,approved,approved,,,2,,
online:pl:PL:shopify_PL_10389398946125_52815458763085,shopify_PL_10389398946125_52815458763085,Organizer na pieluchy i akcesoria - z misiem – mamapack,False,False,"DisplayAds,Shopping",approved,approved,approved,,,2,,
online:pl:PL:shopify_PL_10630605209933_53748969636173,shopify_PL_10630605209933_53748969636173,BIBS Studio - Smoczek uspokajający – mamapack,True,True,"DisplayAds,Shopping",approved,approved,approved,,,0,,
online:pl:PL:shopify_PL_9807599665485_50445576667469,shopify_PL_9807599665485_50445576667469,Koszula do karmienia -(grey) - Doctor Nap – mamapack M,False,False,Shopping,approved,disapproved,approved,,,3,,
online:pl:PL:shopify_PL_9984514523469_51163632009549,shopify_PL_9984514523469_51163632009549,Fara - Pielucha Flanelowa - Jednokolorowa - (70x80cm) – mamapack,False,False,"DisplayAds,Shopping",approved,approved,approved,,,2,,
online:pl:PL:shopify_PL_9756449997133_50205944873293,shopify_PL_9756449997133_50205944873293,Kindii - Pure Water 99% - Chusteczki Wodne 60 szt – mamapack,False,False,"DisplayAds,Shopping",approved,approved,approved,,,2,,
online:pl:PL:shopify_PL_9984478249293_51163343290701,shopify_PL_9984478249293_51163343290701,AKUKU a0003 - Płatki kosmetyczne dla niemowląt – mamapack,False,False,"DisplayAds,Shopping",approved,approved,approved,,,2,,
online:pl:PL:shopify_PL_9984487653709_51163441103181,shopify_PL_9984487653709_51163441103181,Rożek niemowlęcy - standard 75x75 cm - - bawełna 100% – mamapack,False,False,"DisplayAds,Shopping",approved,approved,approved,,,2,,
online:pl:PL:shopify_PL_9790719951181_50472983757133,shopify_PL_9790719951181_50472983757133,b.o.503 - Wielorazowe majtki - Siateczkowe - 2 szt – mamapack M,False,False,"DisplayAds,Shopping",approved,approved,approved,,,2,,
online:pl:PL:shopify_PL_9756449374541_50205944316237,shopify_PL_9756449374541_50205944316237,Bocioland - Podkład Jednorazowy - 60x90cm - 10 szt – mamapack,False,False,"DisplayAds,Shopping",approved,approved,approved,,,5,,
online:pl:PL:shopify_PL_9790714970445_50310951567693,shopify_PL_9790714970445_50310951567693,Bambino 83649 - Krem pielęgnacyjny z D-Pantenolem – mamapack,False,False,"DisplayAds,Shopping",approved,approved,approved,,,5,,
online:pl:PL:shopify_PL_9984439648589_51162918650189,shopify_PL_9984439648589_51162918650189,Bella chusteczki do higieny intymnej Sensitiv - 10 szt – mamapack,False,False,"DisplayAds,Shopping",approved,approved,approved,,,2,,
online:pl:PL:shopify_PL_9756449931597_50205944840525,shopify_PL_9756449931597_50205944840525,Kindii Pure kin000017 - Patyczki dla niemowląt 60 szt – mamapack,False,False,"DisplayAds,Shopping",approved,approved,approved,,,2,,
online:pl:PL:shopify_PL_9790714904909_50310951502157,shopify_PL_9790714904909_50310951502157,Nivea Baby (80512) - Żel 2w1 do mycia ciała i włosów – mamapack,False,False,"DisplayAds,Shopping",approved,approved,approved,,,5,,
online:pl:PL:shopify_PL_9790720835917_50310958612813,shopify_PL_9790720835917_50310958612813,b.o.348/01 - Pieluszki – mamapack,True,True,"DisplayAds,Shopping",approved,approved,approved,,,5,,
online:pl:PL:shopify_PL_9916778381645_50842382729549,shopify_PL_9916778381645_50842382729549,AKUKU a0004 - Butelka do karmienia - (125ml) – mamapack,False,False,"DisplayAds,Shopping",approved,approved,approved,,,5,,
online:pl:PL:shopify_PL_9756451111245_50205946413389,shopify_PL_9756451111245_50205946413389,Biały Jeleń Premium Hipoalergiczna emulsja do Higieny – mamapack,False,False,"DisplayAds,Shopping",approved,approved,approved,,,5,,
online:pl:PL:shopify_PL_9790717952333_50472997519693,shopify_PL_9790717952333_50472997519693,b.o.500 - Jednorazowe Majtki poporodowe - 5 szt – mamapack L,False,False,"DisplayAds,Shopping",approved,approved,approved,,,2,,
online:pl:PL:shopify_PL_9790715986253_50473175777613,shopify_PL_9790715986253_50473175777613,AKUKU a0549 - Majtki poporodowe - 5 szt – mamapack M,False,False,"DisplayAds,Shopping",approved,approved,approved,,,2,,
online:pl:PL:shopify_PL_9790713332045_50310949798221,shopify_PL_9790713332045_50310949798221,CHICCO 00006569100000 - Szczotka+grzebień – mamapack,True,True,"DisplayAds,Shopping",approved,approved,approved,,,2,,
online:pl:PL:shopify_PL_9807598747981_50445618807117,shopify_PL_9807598747981_50445618807117,Koszula do karmienia - (beige) - Doctor Nap – mamapack S,False,False,"DisplayAds,Shopping",approved,approved,approved,,,2,,
online:pl:PL:shopify_PL_10606522073421_53653080605005,shopify_PL_10606522073421_53653080605005,BIBS Studio - Smoczek uspokajający – mamapack 3 (18m+),True,True,"DisplayAds,Shopping",approved,approved,approved,,,0,,
online:pl:PL:shopify_PL_9790713364813_50310949830989,shopify_PL_9790713364813_50310949830989,Nivea Baby - Krem Pielęgnacyjny - do twarzy i ciała – mamapack,False,False,"DisplayAds,Shopping",approved,approved,approved,,,5,,
online:pl:PL:shopify_PL_9916816064845_50842517930317,shopify_PL_9916816064845_50842517930317,Ziajka - krem do pielęgnacji dzieci i niemowląt – mamapack,False,False,"DisplayAds,Shopping",approved,approved,approved,,,5,,
online:pl:PL:shopify_PL_9790716084557_50445689454925,shopify_PL_9790716084557_50445689454925,Lansinoh - Osłonki laktacyjne Nipple Shields – mamapack MAŁE (20 mm),False,False,"DisplayAds,Shopping",approved,approved,approved,,,2,,
online:pl:PL:shopify_PL_10486501441869_53160026440013,shopify_PL_10486501441869_53160026440013,Pikowana Torba do szpitala z haftem gałązek Oliwnych – mamapack,False,False,"DisplayAds,Shopping",approved,approved,approved,,,2,,
online:pl:PL:shopify_PL_9987114434893_51176502067533,shopify_PL_9987114434893_51176502067533,Nakładka sedesowa jednorazowa - 1 szt – mamapack,False,False,"DisplayAds,Shopping",approved,approved,approved,,,2,,
online:pl:PL:shopify_PL_10556145303885_53530090635597,shopify_PL_10556145303885_53530090635597,CANPOL 35/242(3) - Butelka antykolkowa – mamapack 240 ml (3+),False,False,"DisplayAds,Shopping",approved,approved,approved,,,5,,
online:pl:PL:shopify_PL_9790717067597_53615585853773,shopify_PL_9790717067597_53615585853773,"b.o.1647/(1,2,3) - Kocyk bawełniany - Dzianinynowy – mamapack Beżowy",False,False,"DisplayAds,Shopping",approved,approved,approved,,,2,,
online:pl:PL:shopify_PL_10585697091917_53564794208589,shopify_PL_10585697091917_53564794208589,AKUKU a1231 - Ręcznik kąpielowy - z kapturkiem – mamapack Szary,False,False,"DisplayAds,Shopping",approved,approved,approved,,,2,,
online:pl:PL:shopify_PL_9790717526349_50483384189261,shopify_PL_9790717526349_50483384189261,b.o.585/30 - Biustonosz do karmienia - Neutralny – mamapack D 70-75,False,False,"DisplayAds,Shopping",approved,approved,approved,,,2,,
online:pl:PL:shopify_PL_9916727361869_50842105610573,shopify_PL_9916727361869_50842105610573,Klapki damskie - Biały – mamapack 36,False,False,"DisplayAds,Shopping",approved,approved,approved,,,2,,
online:pl:PL:shopify_PL_9870156497229_50639337488717,shopify_PL_9870156497229_50639337488717,"PIKOWANA TORBA do szpitala z TULIPANAMI - Rozmiar: M, L M",True,True,Shopping,approved,disapproved,approved,,,6,,
online:pl:PL:shopify_PL_9790713495885_50310949962061,shopify_PL_9790713495885_50310949962061,b.o.1451 - Butelka antykolkowa – mamapack,False,False,"DisplayAds,Shopping",approved,approved,approved,,,2,,
online:pl:PL:shopify_PL_10578272649549_53530519241037,shopify_PL_10578272649549_53530519241037,CANPOL 35/242(3) - Butelka antykolkowa – mamapack 240 ml (3+),False,False,"DisplayAds,Shopping",approved,approved,approved,,,5,,
online:pl:PL:shopify_PL_10621282255181_53714249515341,shopify_PL_10621282255181_53714249515341,Drewniany Organizer dziecięcy - Oh Baby - z drążkiem – mamapack,False,False,"DisplayAds,Shopping",approved,approved,approved,,,2,,
online:pl:PL:shopify_PL_10497078624589_53196181930317,shopify_PL_10497078624589_53196181930317,AKUKU a0534 - Kompresy żelowe na piersi - 2 szt – mamapack,False,False,"DisplayAds,Shopping",approved,approved,approved,,,2,,
online:pl:PL:shopify_PL_9790721458509_50310959235405,shopify_PL_9790721458509_50310959235405,AKUKU a0354 - Wkładki laktacyjne – mamapack,False,False,"DisplayAds,Shopping",approved,approved,approved,,,2,,
online:pl:PL:9931257749113620660,9931257749113620660,Torba do szpitala dla noworodka - gotowa wyprawka PREMIUM,True,True,Shopping,approved,,approved,,,0,,
online:pl:PL:shopify_PL_9816069800269_50445804110157,shopify_PL_9816069800269_50445804110157,Skarpety damskie (cosmos) Best Mom - Doctor Nap – mamapack 38-41,False,False,"DisplayAds,Shopping",approved,approved,approved,,,2,,
online:pl:PL:shopify_PL_10606522073421_53653080572237,shopify_PL_10606522073421_53653080572237,BIBS Studio - Smoczek uspokajający – mamapack 2 (6m+),True,True,"DisplayAds,Shopping",approved,approved,approved,,,0,,
online:pl:PL:shopify_PL_9790714446157_50310951010637,shopify_PL_9790714446157_50310951010637,Avent scf091/05 - Smoczek Ultra Soft - - beż/zieleń – mamapack,False,False,"DisplayAds,Shopping",approved,approved,approved,,,2,,
online:pl:PL:shopify_PL_10606479671629_53652995277133,shopify_PL_10606479671629_53652995277133,BIBS Liberty - Smoczek uspokajający - - latex - Różowy – mamapack 2 (6m+),True,True,"DisplayAds,Shopping",approved,approved,approved,,,2,,
online:pl:PL:shopify_PL_10489556992333_53175364714829,shopify_PL_10489556992333_53175364714829,BIBS - Smoczek anatomiczny - - - Różowy - 1 szt – mamapack,False,False,"DisplayAds,Shopping",approved,approved,approved,,,2,,
online:pl:PL:shopify_PL_9790718968141_50310956548429,shopify_PL_9790718968141_50310956548429,CANPOL 1/653 - Wkładki laktacyjne - 30 szt – mamapack,False,False,"DisplayAds,Shopping",approved,approved,approved,,,2,,
online:pl:PL:shopify_PL_9870172815693_50639354691917,shopify_PL_9870172815693_50639354691917,Pikowana Torba do szpitala z Niedźwiedziem - Rozmiar – mamapack,False,False,"DisplayAds,Shopping",approved,approved,approved,,,2,,
online:pl:PL:shopify_PL_9807598911821_50445615268173,shopify_PL_9807598911821_50445615268173,Koszula do karmienia -( Deep Blue) - Doctor Nap – mamapack XL,False,False,"DisplayAds,Shopping",approved,approved,approved,,,2,,
online:pl:PL:shopify_PL_9870257488205_50639527346509,shopify_PL_9870257488205_50639527346509,Gumki do włosów elastyczne 3 szt – mamapack,False,True,"DisplayAds,Shopping",approved,approved,approved,,,2,,
online:pl:PL:shopify_PL_10497141277005_53196298027341,shopify_PL_10497141277005_53196298027341,Bambino 3w1 - Chusteczki emolientowe hipoalergiczne – mamapack,False,False,"DisplayAds,Shopping",approved,approved,approved,,,2,,
online:pl:PL:11555450801705149523,11555450801705149523,Torba do szpitala dla noworodka - gotowa wyprawka PODSTAWOWA,True,True,Shopping,approved,,approved,,,0,,
online:pl:PL:shopify_PL_10497132396877_53609085894989,shopify_PL_10497132396877_53609085894989,b.o.585/11 - Biustonosz do karmienia - Biały – mamapack D70-75,False,False,"DisplayAds,Shopping",approved,approved,approved,,,2,,
online:pl:PL:shopify_PL_9807598747981_50445618905421,shopify_PL_9807598747981_50445618905421,Koszula do karmienia - (beige) - Doctor Nap – mamapack XL,False,False,Shopping,approved,disapproved,approved,,,3,,
online:pl:PL:shopify_PL_9807599108429_50445424558413,shopify_PL_9807599108429_50445424558413,Koszula do karmienia - (sweet_pink) - Doctor Nap – mamapack XL,False,False,Shopping,approved,disapproved,approved,,,3,,
online:pl:PL:shopify_PL_9790712447309_50310944063821,shopify_PL_9790712447309_50310944063821,CANPOL 1/658 - Suche Chusteczki Bambusowe dla – mamapack,False,False,"DisplayAds,Shopping",approved,approved,approved,,,2,,
online:pl:PL:shopify_PL_10624865861965_53727937233229,shopify_PL_10624865861965_53727937233229,Huggies Extra Care – Pieluszki - Rozmiar 1 - - 26 szt – mamapack,False,False,"DisplayAds,Shopping",approved,approved,approved,,,2,,
online:pl:PL:shopify_PL_10594690138445_53615306932557,shopify_PL_10594690138445_53615306932557,b.o.1673 - Kocyk Bambusowy - Dzianina – mamapack Beżowy/03,False,False,"DisplayAds,Shopping",approved,approved,approved,,,5,,
online:pl:PL:shopify_PL_9807598387533_50445642989901,shopify_PL_9807598387533_50445642989901,Szlafrok damski bambusowy wiązany - Doctor Nap – mamapack M,False,False,"DisplayAds,Shopping",approved,approved,approved,,,2,,
online:pl:PL:shopify_PL_9790714478925_50310951043405,shopify_PL_9790714478925_50310951043405,CHICCO - Oliwka do masażu 0m+ (200ml) – mamapack,False,False,"DisplayAds,Shopping",approved,approved,approved,,,5,,
online:pl:PL:shopify_PL_9807598485837_50445647970637,shopify_PL_9807598485837_50445647970637,Szlafrok Damski z delikatnego muślinu - Doctor Nap – mamapack L,False,False,"DisplayAds,Shopping",approved,approved,approved,,,2,,
online:pl:PL:shopify_PL_9756449669453_50205944578381,shopify_PL_9756449669453_50205944578381,Ola Baby - Chusteczki nawilżane z alantoiną - 72 szt – mamapack,False,False,"DisplayAds,Shopping",approved,approved,approved,,,2,,
online:pl:PL:shopify_PL_9942448079181_50952130396493,shopify_PL_9942448079181_50952130396493,Bobini Baby - Żel do mycia ciała i włosów dla – mamapack,False,False,"DisplayAds,Shopping",approved,approved,approved,,,5,,
online:pl:PL:shopify_PL_9870207320397_50639423734093,shopify_PL_9870207320397_50639423734093,Torba do szpitala-03 – mamapack,False,False,"DisplayAds,Shopping",approved,approved,approved,,,2,,
online:pl:PL:shopify_PL_9790715265357_50310951862605,shopify_PL_9790715265357_50310951862605,Avent scf254/24 - Wkładki jednorazowe - 24 szt – mamapack,False,False,"DisplayAds,Shopping",approved,approved,approved,,,2,,
online:pl:PL:shopify_PL_9790718804301_50310956384589,shopify_PL_9790718804301_50310956384589,AKUKU a0369 - Podkłady poporodowe - 10 szt – mamapack,False,False,"DisplayAds,Shopping",approved,approved,approved,,,2,,
online:pl:PL:shopify_PL_9790714347853_50310950912333,shopify_PL_9790714347853_50310950912333,AKUKU a0586 - Smoczek uspokajający 0-6m - Niebieski – mamapack,False,False,"DisplayAds,Shopping",approved,approved,approved,,,2,,
online:pl:PL:shopify_PL_9790714708301_50310951305549,shopify_PL_9790714708301_50310951305549,Nivea Baby - Mój pierwszy Krem - (75 ml) – mamapack,False,False,"DisplayAds,Shopping",approved,approved,approved,,,5,,
online:pl:PL:shopify_PL_10556128493901_53517123780941,shopify_PL_10556128493901_53517123780941,CANPOL 22/667(8) - Smoczek – mamapack 6-18 m,False,False,"DisplayAds,Shopping",approved,approved,approved,,,2,,
online:pl:PL:shopify_PL_10519344120141_53296171483469,shopify_PL_10519344120141_53296171483469,Torba do szpitala dla Mamy i Noworodka – gotowa – mamapack,True,True,"DisplayAds,Shopping",approved,approved,approved,,,0,,
online:pl:PL:shopify_PL_9790716117325_50473251569997,shopify_PL_9790716117325_50473251569997,AKUKU a0234 - Majtki siateczkowe wielorazowe - 2 szt – mamapack L,False,False,"DisplayAds,Shopping",approved,approved,approved,,,2,,
online:pl:PL:shopify_PL_10556150645069_53530133135693,shopify_PL_10556150645069_53530133135693,CANPOL 34/930(1) - Smoczek – mamapack 6-18m,False,False,"DisplayAds,Shopping",approved,approved,approved,,,2,,
online:pl:PL:shopify_PL_9790719983949_50310957728077,shopify_PL_9790719983949_50310957728077,AKUKU a0258 - Podkład Peva 55x70cm - Sowy Szare – mamapack,False,False,"DisplayAds,Shopping",approved,approved,approved,,,2,,
online:pl:PL:shopify_PL_9790720901453_50310958678349,shopify_PL_9790720901453_50310958678349,b.o.397/04 -Naturalne pieluszki - z włókien Bambusa – mamapack,False,False,"DisplayAds,Shopping",approved,approved,approved,,,2,,
online:pl:PL:shopify_PL_9916827631949_50842568786253,shopify_PL_9916827631949_50842568786253,Ziaja - antyperspirant – mamapack,False,False,"DisplayAds,Shopping",approved,approved,approved,,,5,,
online:pl:PL:shopify_PL_9816069800269_50445804077389,shopify_PL_9816069800269_50445804077389,Skarpety damskie (cosmos) Best Mom - Doctor Nap – mamapack 35-37,False,False,"DisplayAds,Shopping",approved,approved,approved,,,2,,
online:pl:PL:shopify_PL_9816077205837_50445874233677,shopify_PL_9816077205837_50445874233677,Avent-Zestaw: Butelka dla niemowląt 125 ml + Smoczek – mamapack,True,True,"DisplayAds,Shopping",approved,approved,approved,,,0,,
online:pl:PL:shopify_PL_9756450128205_50205945135437,shopify_PL_9756450128205_50205945135437,Lansinoh - Butelka do karmienia - Szklana ze smoczkiem – mamapack,False,False,"DisplayAds,Shopping",approved,approved,approved,,,2,,
online:pl:PL:shopify_PL_10379281727821_52780429017421,shopify_PL_10379281727821_52780429017421,AKUKU a0683k - Kompres - Żelowy - do okolic intymnych – mamapack,False,False,"DisplayAds,Shopping",approved,approved,approved,,,2,,
online:pl:PL:shopify_PL_9790717526349_50483384090957,shopify_PL_9790717526349_50483384090957,b.o.585/30 - Biustonosz do karmienia - Neutralny – mamapack B 75-80,False,False,"DisplayAds,Shopping",approved,approved,approved,,,2,,
online:pl:PL:shopify_PL_9790713135437_50310949110093,shopify_PL_9790713135437_50310949110093,CANPOL 9/814 - Zestaw pielęgnacyjny – mamapack,True,True,"DisplayAds,Shopping",approved,approved,approved,,,2,,
online:pl:PL:shopify_PL_10199904846157_52187534917965,shopify_PL_10199904846157_52187534917965,Rożek niemowlęcy - standard 80x80 cm – mamapack,False,False,"DisplayAds,Shopping",approved,approved,approved,,,2,,
online:pl:PL:shopify_PL_10578255151437_53530450657613,shopify_PL_10578255151437_53530450657613,canpol24/201 - Butelka antykolkowa – mamapack,False,False,"DisplayAds,Shopping",approved,approved,approved,,,2,,
online:pl:PL:shopify_PL_9790718148941_50310955696461,shopify_PL_9790718148941_50310955696461,Lansinoh - Lanolina Hpa - krem na brodawki sutkowe – mamapack,False,False,"DisplayAds,Shopping",approved,approved,approved,,,5,,
online:pl:PL:shopify_PL_9790719820109_50472899182925,shopify_PL_9790719820109_50472899182925,CANPOL 73/001(2) - Wielorazowe majtki poporodowe – mamapack L/XL,False,False,"DisplayAds,Shopping",approved,approved,approved,,,2,,
online:pl:PL:shopify_PL_10597862244685_53616764256589,shopify_PL_10597862244685_53616764256589,Duet Baby 547 - Okrycie Kąpielowe z kapturkiem + – mamapack Szary,True,True,"DisplayAds,Shopping",approved,approved,approved,,,2,,
online:pl:PL:shopify_PL_9756450554189_50205945659725,shopify_PL_9756450554189_50205945659725,Bamboolove - Chusteczki nawilżane - Bambusowe - 60 szt – mamapack,False,False,"DisplayAds,Shopping",approved,approved,approved,,,2,,
online:pl:PL:shopify_PL_9807599272269_50445608747341,shopify_PL_9807599272269_50445608747341,Koszula do karmienia -( różowy) - Doctor Nap – mamapack M,False,False,Shopping,approved,disapproved,approved,,,3,,
online:pl:PL:shopify_PL_9870213415245_50639444279629,shopify_PL_9870213415245_50639444279629,Torba do szpitala-02 – mamapack Black,False,False,Shopping,approved,disapproved,approved,,,3,,
online:pl:PL:shopify_PL_9807598747981_50445618839885,shopify_PL_9807598747981_50445618839885,Koszula do karmienia - (beige) - Doctor Nap – mamapack M,False,False,"DisplayAds,Shopping",approved,approved,approved,,,2,,
online:pl:PL:shopify_PL_9916822782285_50842555810125,shopify_PL_9916822782285_50842555810125,Ziajka - maść na pośladki przeciw odparzeniom - 50 ml – mamapack,False,False,"DisplayAds,Shopping",approved,approved,approved,,,5,,
online:pl:PL:shopify_PL_10379295195469_52780465717581,shopify_PL_10379295195469_52780465717581,CANPOL 1/500 - Ekologiczny Płyn do mycia smoczków i – mamapack,False,False,"DisplayAds,Shopping",approved,approved,approved,,,5,,
online:pl:PL:shopify_PL_10007582900557_51291610284365,shopify_PL_10007582900557_51291610284365,Teczka na dokumenty - rozmiar a4 - (mix kolorów) – mamapack,False,False,"DisplayAds,Shopping",approved,approved,approved,,,2,,
online:pl:PL:shopify_PL_9790719263053_50310956843341,shopify_PL_9790719263053_50310956843341,BabyOno Okrycie kąpielowe bambusowe z kapturkiem 100x100 cm – różowe,False,False,"DisplayAds,Shopping",approved,approved,approved,,,2,,
online:pl:PL:shopify_PL_10588679831885_53600947470669,shopify_PL_10588679831885_53600947470669,BIBS - Smoczek - kauczuk - Szałwia – mamapack 2 (6m+),False,False,"DisplayAds,Shopping",approved,approved,approved,,,2,,
online:pl:PL:shopify_PL_10379240636749_52780163170637,shopify_PL_10379240636749_52780163170637,CANPOL 22/581 - Smoczek silikonowy – mamapack,False,False,"DisplayAds,Shopping",approved,approved,approved,,,2,,
online:pl:PL:shopify_PL_10336386154829_52659320750413,shopify_PL_10336386154829_52659320750413,CANPOL 34/920 - Smoczek silikonowy – mamapack,False,False,"DisplayAds,Shopping",approved,approved,approved,,,2,,
online:pl:PL:shopify_PL_9790712906061_50310946947405,shopify_PL_9790712906061_50310946947405,AKUKU a0573 - Szczotka do butelek Miś - (różowa) – mamapack,True,True,"DisplayAds,Shopping",approved,approved,approved,,,2,,
online:pl:PL:shopify_PL_9916787491149_50842413138253,shopify_PL_9916787491149_50842413138253,Pieluszka tetrowa wielorazowa - Biała - - 1 szt – mamapack,False,False,"DisplayAds,Shopping",approved,approved,approved,,,2,,
online:pl:PL:shopify_PL_9790719689037_50472956690765,shopify_PL_9790719689037_50472956690765,CANPOL 16/000(1) - Majtki dla kobiet w ciąży i po – mamapack S/M,False,False,Shopping,approved,disapproved,approved,,,3,,
online:pl:PL:shopify_PL_10532559978829_53347158163789,shopify_PL_10532559978829_53347158163789,AKUKU a0587 - Smoczek uspokajający 0-6m - Różowy – mamapack,False,False,"DisplayAds,Shopping",approved,approved,approved,,,2,,
online:pl:PL:shopify_PL_9916729557325_50842121929037,shopify_PL_9916729557325_50842121929037,Klapki damskie - Żółty – mamapack 39,False,False,"DisplayAds,Shopping",approved,approved,approved,,,2,,
online:pl:PL:shopify_PL_9790718673229_50445669171533,shopify_PL_9790718673229_50445669171533,LOVI 5/605(606) - Silikonowe osłonki piersi Skin – mamapack M/L,False,False,"DisplayAds,Shopping",approved,approved,approved,,,2,,
online:pl:PL:shopify_PL_9984526778701_51163681456461,shopify_PL_9984526778701_51163681456461,Pieluszka tetrowa - Biała - (70x80) - 1 szt – mamapack,False,False,"DisplayAds,Shopping",approved,approved,approved,,,2,,
online:pl:PL:shopify_PL_10379288805709_52780447400269,shopify_PL_10379288805709_52780447400269,AKUKU a0710 - Bezpieczne Patyczki do uszu dla – mamapack,False,False,"DisplayAds,Shopping",approved,approved,approved,,,2,,
online:pl:PL:shopify_PL_10599592624461_53626601668941,shopify_PL_10599592624461_53626601668941,Rożek niemowlęcy Muślinowy - 75x75 cm – mamapack MISIE ciemne,False,False,"DisplayAds,Shopping",approved,approved,approved,,,2,,
online:pl:PL:shopify_PL_9790719820109_50472899150157,shopify_PL_9790719820109_50472899150157,CANPOL 73/001(2) - Wielorazowe majtki poporodowe – mamapack S/M,False,False,"DisplayAds,Shopping",approved,approved,approved,,,2,,
online:pl:PL:shopify_PL_10309708841293_52549365465421,shopify_PL_10309708841293_52549365465421,AKUKU a0684 - Butelka do podmywania - Peri - (350 ml) – mamapack,False,False,"DisplayAds,Shopping",approved,approved,approved,,,2,,
online:pl:PL:shopify_PL_10486511665485_53160099316045,shopify_PL_10486511665485_53160099316045,CANPOL 24/001 Smoczek silikonowy - Symetryczny – mamapack,False,False,"DisplayAds,Shopping",approved,approved,approved,,,2,,
online:pl:PL:shopify_PL_10486417260877_53158870876493,shopify_PL_10486417260877_53158870876493,b.o.777/03 - Termometr do wody - Take Care - niebieski – mamapack,False,False,"DisplayAds,Shopping",approved,approved,approved,,,2,,
online:pl:PL:shopify_PL_9870100431181_50639275196749,shopify_PL_9870100431181_50639275196749,Torba do szpitala-010 – mamapack Navy,False,False,"DisplayAds,Shopping",approved,approved,approved,,,2,,
online:pl:PL:shopify_PL_10556118335821_53428304904525,shopify_PL_10556118335821_53428304904525,CANPOL 35/245 - Butelka antykolkowa + pojemnik na – mamapack,False,False,"DisplayAds,Shopping",approved,approved,approved,,,3,,
online:pl:PL:shopify_PL_9807599665485_50445576700237,shopify_PL_9807599665485_50445576700237,Koszula do karmienia -(grey) - Doctor Nap – mamapack L,False,False,Shopping,approved,disapproved,approved,,,3,,
online:pl:PL:shopify_PL_9790719426893_50310957007181,shopify_PL_9790719426893_50310957007181,CANPOL 73/003 - Wysokochłonne podkłady poporodowe – mamapack,False,False,"DisplayAds,Shopping",approved,approved,approved,,,2,,
online:pl:PL:shopify_PL_9790711857485_50310942916941,shopify_PL_9790711857485_50310942916941,AKUKU a0395 - Termometr do kąpieli - Rybka Rico – mamapack,False,False,"DisplayAds,Shopping",approved,approved,approved,,,2,,
