legacy_id,title,old_handle,new_handle,seo_title_updated,seo_description_updated,handle_updated,redirect_created,success,error
9816077205837,AVENT-ZESTAW:  Butelka dla niemowląt 125 ml + SMOCZEK uspokajający 0m+ (dla dziewczynki),avent-zestaw-scy900-01-responsywna-1,avent-zestaw-butelka-niemowlat-125-ml-smoczek-uspokajajacy,True,True,True,True,True,
9816081236301,AVENT-ZESTAW: Butelka dla niemowląt 125ml + SMOCZEK uspokajający - 0 m+ (dla chłopca),avent-zestaw-scy900-01-responsywna-2,avent-zestaw-butelka-niemowlat-125-ml-smoczek-uspokajajacy-2,True,True,True,True,True,
9870207320397,Torba do szpitala-03,torba-do-szpitala-1,torba-do-szpitala-03,True,True,True,True,True,
9870213415245,Torba do szpitala-02,torba-do-szpitala-2,torba-do-szpitala-02,True,True,True,True,True,
9870226653517,Torba do szpitala-01,torba-do-szpitala-3,torba-do-szpitala-01,True,True,True,True,True,
9916729557325,Klapki damskie - Żółty,klapki-damskie-bialy-1,klapki-damskie-zolty,True,True,True,True,True,
9916730147149,Klapki damskie - Różowy,klapki-damskie-rozowy-1,klapki-damskie-rozowy,True,True,True,True,True,
10489858523469,BIBS (50171216) - BUTELKA - (SILIKON) - ŚREDNI PRZEPŁYW - (270 ML) - KOŚĆ SŁONIOWA (Copy),bibs-50171216-butelka-silikon-sredni-przeplyw-270-ml-kosc-sloniowa-copy,bibs-butelka-silikon-sredni-przeplyw-270-ml-kosc,True,True,True,True,True,
10519344120141,Torba do szpitala dla MAMY i NOWORODKA – gotowa wyprawka PODSTAWOWA,podstawowy-md,torba-do-szpitala-mamy-noworodka-gotowa-wyprawka-podstawowa,True,True,True,True,True,
10523326054733,Torba do szpitala dla DLA MAMY I NOWORODKA – gotowa wyprawka KOMPLETNA,podstawowy-md-2,torba-do-szpitala-mamy-noworodka-gotowa-wyprawka-kompletna,True,True,True,True,True,
10537613984077,Torba do szpitala dla noworodka - gotowa wyprawka ROZSZERZONA,torba-do-szpitala-dla-noworodka-gotowa-wyprawka-premium-1,torba-do-szpitala-noworodka-gotowa-wyprawka-rozszerzona,True,True,True,True,True,
10537616703821,Torba do szpitala dla noworodka - gotowa wyprawka KOMPLETNA,torba-do-szpitala-dla-noworodka-gotowa-wyprawka-premium-2,torba-do-szpitala-noworodka-gotowa-wyprawka-kompletna,True,True,True,True,True,
10558848336205,Torba do szpitala dla DLA MAMY I NOWORODKA – gotowa wyprawka ROZSZERZONA,podstawowy-md-1,torba-do-szpitala-mamy-noworodka-gotowa-wyprawka-rozszerzona,True,True,True,True,True,
10588679831885,BIBS - Smoczek - kauczuk - SZAŁWIA,bibs-1001000250-smoczek-anatomiczny-kauczuk-0-szalwia-1-szt-copy,bibs-smoczek-kauczuk-szalwia,True,True,True,True,True,
10594690138445,B.O.1673 - Kocyk Bambusowy - Dzianina,b-o-1673-01-kocyk-bambusowy-dzianina-rozowy-copy,b-o-kocyk-bambusowy-dzianina,True,True,True,True,True,
10599592624461,Rożek niemowlęcy MUŚLINOWY - 75x75 cm - z kokardą - bawełna,rozek-niemowlecy-muslinowy-75x75-cm-z-kokarda-bawelna-copy,rozek-niemowlecy-muslinowy-75-x-cm-kokarda-bawelna,True,True,True,True,True,
10606522073421,BIBS STUDIO - Smoczek uspokajający - (2-pak) - latex - baby blue / dusty blue,bibs-liberty-smoczek-uspokajajacy-2-pak-latex-rozowy-copy,bibs-studio-smoczek-uspokajajacy-2-pak-latex-baby,True,True,True,True,True,
10619176747341,PIKOWANA TORBA do szpitala z MOTYWEM GWIAZDEK I KSIĘŻYCA -  Rozmiar: L,pikowana-torba-do-szpitala-z-niedzwiedziem-rozmiar-l-copy,pikowana-torba-do-szpitala-motywem-gwiazdek-ksiezyca-l,True,True,True,True,True,
10619255030093,ORGANIZER na akcesoria niemowlęce - w stylu  BOHO,organizer-na-pieluchy-i-akcesoria-pleciony-3-przegrody-uchwyty-copy,organizer-akcesoria-niemowlece-w-stylu-boho,True,True,True,True,True,
10621081583949,PIKOWANA TORBA dla mamy i niemowlęcia  – mleczna Z MOTYWEM MISIÓW,pikowana-torba-do-szpitala-z-niedzwiedziem-rozmiar-l-copy-1,pikowana-torba-mamy-niemowlecia-mleczna-motywem-misiow,True,True,True,True,True,
10624865861965,Huggies Extra Care – PIELUSZKI JEDNORAZOWE -  Rozmiar 1 - (2–5 kg) - 26 szt.,dada-extra-care-pieluszki-jednorazowe-rozm-1-2-5-kg-26-szt-copy,huggies-extra-care-pieluszki-jednorazowe-1-25-kg,True,True,True,True,True,
9756449374541,Bocioland - PODKŁAD JENORAZOWY - 60X90cm - (10szt),bocioland-bl151-podklad-jenorazowy-60x90-cm-op-10-szt,bocioland-bl151-podklad-jenorazowy-60x90-cm-op-10-szt,True,True,False,False,True,
9756449407309,SENI SOFT SUPER - Podkłady higieniczne 40x60cm - (5 sztuk),bella-podkl-a-5szt-hig-40x60-seni-soft-super,bella-podkl-a-5szt-hig-40x60-seni-soft-super,True,True,False,False,True,
9756449472845,HORIZON-MAJTKI POPORODOWE SIATKA (2 szt.),horizon-majtki-poporodowe-siatka-38-40-a-2szt,horizon-majtki-poporodowe-siatka-38-40-a-2szt,True,True,False,False,True,
9756449669453,OLA BABY - Chusteczki nawilżane z alantoiną - (72 szt.),ola-baby-chusteczki-nawilzane-z-alantoli-na-a-72szt,ola-baby-chusteczki-nawilzane-z-alantoli-na-a-72szt,True,True,False,False,True,
9756449702221,Majtki ciążowe Medela - Rozmiar L,me-figi-l-bialy,me-figi-l-bialy,True,True,False,False,True,
9756449767757,CHICCO- CHUSTECZKI DO PIELĘGNACJI PIERSI 16SZT,chicco-916500-chusteczki-do-pielegnacji-piersi-16szt,chicco-916500-chusteczki-do-pielegnacji-piersi-16szt,True,True,False,False,True,
9756449800525,CHICCO - Chusteczki Pielęgnacyjne - (72szt)  0m+,chicco-916310-chusteczki-pielegnacyjne-72szt-0m,chicco-916310-chusteczki-pielegnacyjne-72szt-0m,True,True,False,False,True,
9756449866061,CHICCO- CHUSTECZKI DO PIELĘGNACJI PIERSI 72SZT,chicco-916600-chusteczki-do-pielegnacji-piersi-72szt,chicco-916600-chusteczki-do-pielegnacji-piersi-72szt,True,True,False,False,True,
9756449931597,KINDII PURE KIN000017 - PATYCZKI dla niemowląt (60szt.),kindii-patyczki-a-60szt-pudelko-pure,kindii-patyczki-a-60szt-pudelko-pure,True,True,False,False,True,
9756449997133,KINDII (HAR02DZ040) - PURE WATER 99% - CHUSTECZKI Wodne 60 szt.,kindii-chusteczki-a-60szt-pure-water-99-har02dz04,kindii-chusteczki-a-60szt-pure-water-99-har02dz04,True,True,False,False,True,
9756450029901,Kindii Pure -  Płatki Bawełniane Kosmetyczne Dla Niemowląt - (60szt),kindii-platki-baby-a-60szt-12863,kindii-platki-baby-a-60szt-12863,True,True,False,False,True,
9756450128205,LANSINOH - Butelka do karmienia - SZKLANA ze smoczkiem - (160ML),lansinoh-butelka-do-karmienia-szklana-160ml,lansinoh-butelka-do-karmienia-szklana-160ml,True,True,False,False,True,
9756450160973,"SKARB MATKI - Pomadka Ochronna - dla dzieci o smaku kokosa i wanilii - 6,5g",skarb-matki-pomadka-ochronna-dla-dzieci-o-smaku-kokosa-i-wanilii,skarb-matki-pomadka-ochronna-dla-dzieci-o-smaku-kokosa-i-wanilii,True,True,False,False,True,
9756450193741,"SKARB MATKI - Pomadka Ochronna - dla dzieci o smaku malinowym - 6,5g",skarb-matki-pomadka-ochronna-dla-dzieci-smak-malinowy,skarb-matki-pomadka-ochronna-dla-dzieci-smak-malinowy,True,True,False,False,True,
9756450259277,LINOMAG - Puder dla dzieci i niemowląt - (100g),linomag-puder-100g-hig-kosm-dla-dzieci-i-niemowlat-k056,linomag-puder-100g-hig-kosm-dla-dzieci-i-niemowlat-k056,True,True,False,False,True,
9756450292045,LINOMAG - Żel do mycia ciała i głowy - dla dzieci i niemowląt - (200 ML),linomag-zel-do-mycia-ciala-i-glowy-dla-dzieci-i-niemowlat-200-ml-k035,linomag-zel-do-mycia-ciala-i-glowy-dla-dzieci-i-niemowlat-200-ml-k035,True,True,False,False,True,
9756450324813,LINOMAG - Krem z tlenkiem Cynku - (50 ML),linomag-krem-z-tlenkiem-cynku-50-ml-k014,linomag-krem-z-tlenkiem-cynku-50-ml-k014,True,True,False,False,True,
9756450357581,BAMBOOLOVE - PIELUSZKI JEDNORAZOWE - Rozmiar XS - (27szt) - (2-4kg),bamboolove-pieluszki-jednorazowe-r-xs-27szt,bamboolove-pieluszki-jednorazowe-r-xs-27szt,True,True,False,False,True,
9756450488653,BAMBOOLOVE - PIELUSZKI JEDNORAZOWE - Rozmiar S - (25 szt.) - (3-8kg),bamboolove-pieluszki-jednorazowe-rozm-s-25szt,bamboolove-pieluszki-jednorazowe-rozm-s-25szt,True,True,False,False,True,
9756450521421,BAMBOOLOVE - PIELUSZKI JEDNORAZOWE - Rozmiar M - (24 szt.) - (6-11kg),bamboolove-pieluszki-jednorazowe-rozm-m-24szt,bamboolove-pieluszki-jednorazowe-rozm-m-24szt,True,True,False,False,True,
9756450554189,BAMBOOLOVE - Chusteczki nawilżane - Bambusowe - (60 szt.),bamboolove-bambusowe-chusteczki-nawilzan-e-60szt,bamboolove-bambusowe-chusteczki-nawilzan-e-60szt,True,True,False,False,True,
9756450619725,Bella Baby Happy Papierowe Patyczki Higieniczne 56Szt,bella-patyczki-a-56-szt-baby-happy-papierowe-patyczki,bella-patyczki-a-56-szt-baby-happy-papierowe-patyczki,True,True,False,False,True,
9756450685261,BELLA BABY HAPPY NEWBORN- pieluszki jednorazowe (1) -  2-5kg -  (42szt.),bella-newborn-a-42szt-pieluszki-hig-2-5-kg,bella-newborn-a-42szt-pieluszki-hig-2-5-kg,True,True,False,False,True,
9756450718029,BELLA HAPPY 0 BEFORE NEWBORN -  Pieluszki dla wcześniaków  do 2 kg - (46 szt.),bella-happy-before-newborn-a-46szt-pieluszki-dla-wczesniakow,bella-happy-before-newborn-a-46szt-pieluszki-dla-wczesniakow,True,True,False,False,True,
9756450750797,SKARB MATKI - Puder - dla niemowląt i dzieci - 120g,skarb-matki-puder-dla-niemowlat-i-dzieci-120g,skarb-matki-puder-dla-niemowlat-i-dzieci-120g,True,True,False,False,True,
9756450816333,SKARB MATKI-FEMINA - Pianka do Higieny Intymnej - 250ml,skarb-matki-femina-pianka-do-higieny-int-ymnej-250ml,skarb-matki-femina-pianka-do-higieny-int-ymnej-250ml,True,True,False,False,True,
9756450881869,SKARB MATKI - Delikatna Pianka do mycia niemowląt - 250ml,skarb-matki-delikatna-pianka-do-mycia-niemowlat-250ml,skarb-matki-delikatna-pianka-do-mycia-niemowlat-250ml,True,True,False,False,True,
9756450947405,SKARB MATKI- Oliwka Pielęgnacyjna - w żelu z witaminą E - 125ml,skarb-matki-oliwka-pielegnacyjna-w-zelu-125-m-z-witamina-e,skarb-matki-oliwka-pielegnacyjna-w-zelu-125-m-z-witamina-e,True,True,False,False,True,
9756451045709,SKARB MATKI - Pielęgnacyjny Krem Ochronny - dla niemowląt i dzieci - 75ml,skarb-matki-pielegnacyjny-krem-ochronny-dla-niemowlat-i-dzieci-75ml,skarb-matki-pielegnacyjny-krem-ochronny-dla-niemowlat-i-dzieci-75ml,True,True,False,False,True,
9756451078477,BIAŁY JELEŃ hipoalergiczna emulsja do HIGIENY INTYMNEJ KOZIE MLEKO 265ml,bialy-jelen-emulsja-intymna-kozie-mleko-141700,bialy-jelen-emulsja-intymna-kozie-mleko-141700,True,True,False,False,True,
9756451111245,BIAŁY JELEŃ Premium Hipoalergiczna emulsja do HIGIENY INTYMNEJ Z SZAŁWIĄ I OGÓRECZNIKIEM 265ml,bialy-jelen-emulsja-intymna-szalwia-i-ogorek-265ml-141274,bialy-jelen-emulsja-intymna-szalwia-i-ogorek-265ml-141274,True,True,False,False,True,
9790711562573,AKUKU A0307 - Szczotka i grzebień - z naturalnym włosiem -  BIAŁA,akuku-a0307-szczotka-i-grzebien-z-naturalnym-wlosiem-biala,akuku-a0307-szczotka-i-grzebien-z-naturalnym-wlosiem-biala,True,True,False,False,True,
9790711628109,AKUKU A0015 - Zestaw pielęgnacyjny - Grey HOOLIGANS,akuku-a0015-zestaw-pielegnacyjny-grey-hooligans,akuku-a0015-zestaw-pielegnacyjny-grey-hooligans,True,True,False,False,True,
9790711824717,AKUKU A0495 - Termometr do kąpieli - biała OWCA,akuku-a0495-termometr-do-kapieli-biala-owca,akuku-a0495-termometr-do-kapieli-biala-owca,True,True,False,False,True,
9790711857485,AKUKU A0395 - Termometr do kąpieli - Rybka Rico,akuku-a0395-termometr-do-kapieli-rybka-rico,akuku-a0395-termometr-do-kapieli-rybka-rico,True,True,False,False,True,
9790711955789,AKUKU A0308 -  Zestaw manicure - NIEBIESKI,akuku-a0308-zestaw-manicure-niebieski,akuku-a0308-zestaw-manicure-niebieski,True,True,False,False,True,
9790712086861,NIVEA BABY TODDIES -  Chusteczki nawilżane dla dzieci - łagodne - (57szt.),nivea-baby-80571-chusteczki-toddies-a57,nivea-baby-80571-chusteczki-toddies-a57,True,True,False,False,True,
9790712217933,CANPOL 34/920 - Smoczek silikonowy - (0-6m) - symetryczny EXOTIC Lama,canpol-34-920-smoczek-silikonowy-0-6m-symetryczny-exotic-lama,canpol-34-920-smoczek-silikonowy-0-6m-symetryczny-exotic-lama,True,True,False,False,True,
9790712283469,..CANPOL 78/002 - Wielofunkcyjne  PODKŁADY HIGIENICZNE jednorazowe - 60x90 -  (10szt.) - z naklejką,canpol-78-002-wielofunkcyjne-jednorazowe-podklady-higieniczne-10szt-z-naklejka,canpol-78-002-wielofunkcyjne-jednorazowe-podklady-higieniczne-10szt-z-naklejka,True,True,False,False,True,
9790712447309,CANPOL 1/658 - SUCHE CHUSTECZKI BAMBUSOWE dla niemowląt - (100 szt.),canpol-1-658-suche-chusteczki-bambusowe-dla-niemowlat-100-szt,canpol-1-658-suche-chusteczki-bambusowe-dla-niemowlat-100-szt,True,True,False,False,True,
9790712545613,AKUKU A0031 - Jednorazowe chusteczki nawilżane wodą - (70 szt.),akuku-a0031-jednorazowe-chusteczki-nawilzane-woda-70-szt,akuku-a0031-jednorazowe-chusteczki-nawilzane-woda-70-szt,True,True,False,False,True,
9790712774989,B.O.398/03 - Zestaw do pielęgnacji paznokci - Dla dzieci i niemowląt - (SZARY) TAKE CARE,b-o-398-03-zestaw-do-pielegnacji-paznokci-dla-dzieci-i-niemowlat-szary-take-care,b-o-398-03-zestaw-do-pielegnacji-paznokci-dla-dzieci-i-niemowlat-szary-take-care,True,True,False,False,True,
9790712906061,AKUKU A0573 - Szczotka do butelek Miś - (RÓŻOWA),akuku-a0573-szczotka-do-butelek-rozowa-mis,akuku-a0573-szczotka-do-butelek-rozowa-mis,True,True,False,False,True,
9790713037133,CANPOL 7/406 - Szczotka z grzebykiem Newborn -  miękka naturalna BIAŁA,canpol-7-406-szczotka-z-grzebykiem-newborn-miekka-naturalna-biala,canpol-7-406-szczotka-z-grzebykiem-newborn-miekka-naturalna-biala,True,True,False,False,True,
9790713135437,CANPOL 9/814 - Zestaw pielęgnacyjny - do paznokci - dla niemowląt i dzieci - RÓŻOWY,canpol-9-814-zestaw-pielegnacyjny-do-paznokci-dla-niemowlat-i-dzieci-roz,canpol-9-814-zestaw-pielegnacyjny-do-paznokci-dla-niemowlat-i-dzieci-roz,True,True,False,False,True,
9790713233741,LOVI 22/905 - SMOCZEK silikonowy dynamiczny 2 szt. - (0-3m) - Harmony Girl,lovi-22-905-smoczek-silikonowy-dynamiczny-0-3m-2-szt-harmony-girl,lovi-22-905-smoczek-silikonowy-dynamiczny-0-3m-2-szt-harmony-girl,True,True,False,False,True,
9790713266509,B.O.568/03 - Szczotka i grzebień do włosów - Naturalne super miękkie włosie - (SZARA) TAKE CARE,b-o-568-03-szczotka-i-grzebien-do-wlosow-naturalne-super-miekkie-wlosie-szara-take-care,b-o-568-03-szczotka-i-grzebien-do-wlosow-naturalne-super-miekkie-wlosie-szara-take-care,True,True,False,False,True,
9790713332045,CHICCO 00006569100000 - SZCZOTKA+GRZEBIEŃ - naturalne włosie -  RÓŻOWY,chicco-00006569100000-szczotka-grzebien-naturalne-wlosie-roz,chicco-00006569100000-szczotka-grzebien-naturalne-wlosie-roz,True,True,False,False,True,
9790713364813,NIVEA BABY (80529) - KREM PIELĘGNACYJNY -  do twarzy i ciała - (200 ml),nivea-baby-80529-krem-pielegnacyjny-do-twarzy-i-ciala-200-ml,nivea-baby-80529-krem-pielegnacyjny-do-twarzy-i-ciala-200-ml,True,True,False,False,True,
9790713495885,B.O.1451  - Butelka antykolkowa - (260ml) – Babyono – Natural Nursing,b-o-1451-butelka-260-ml-natural-nursing,b-o-1451-butelka-260-ml-natural-nursing,True,True,False,False,True,
9790713626957,B.O.1450 - Butelka antykolkowa - (180ml) – Babyono – Natural Nursing,b-o-1450-butelka-180ml-natural-nursing,b-o-1450-butelka-180ml-natural-nursing,True,True,False,False,True,
9790713725261,CHICCO 00081311300000 - Butelka NF - Plastikowa 0m+ (150 ml) NEUTRALNA,chicco-00081311300000-butelka-nf-plastikowa-0m-150-ml-neutralna,chicco-00081311300000-butelka-nf-plastikowa-0m-150-ml-neutralna,True,True,False,False,True,
9790713790797,CHICCO 00006569200000 - SZCZOTKA+GRZEBIEŃ - naturalne włosie -  NIEBIESKA,chicco-00006569200000-szczotka-grzebien-naturalne-wlosie-niebieska,chicco-00006569200000-szczotka-grzebien-naturalne-wlosie-niebieska,True,True,False,False,True,
9790713823565,CANPOL 78/006 - Wielofunkcyjne podklady higieniczne - (60x60 cm),canpol-78-006-wielofunkcyjne-podklady-higieniczne-60x60-cm,canpol-78-006-wielofunkcyjne-podklady-higieniczne-60x60-cm,True,True,False,False,True,
9790713889101,Dr.Browns SB2100 - Butelka standard - (60ml) - OPTIONS,dr-browns-sb2100-butelka-standard-60ml-options,dr-browns-sb2100-butelka-standard-60ml-options,True,True,False,False,True,
9790713921869,BELLA Baby Happy Chusteczki nasączone - wit.E i Alantoina - (64 szt.),bella-baby-happy-chusteczki-nasaczone-wit-e-i-alantoina-64-szt,bella-baby-happy-chusteczki-nasaczone-wit-e-i-alantoina-64-szt,True,True,False,False,True,
9790714151245,CANPOL 3/115 - Bezpieczne patyczki dla niemowląt - (55 szt.),canpol-3-115-bezpieczne-patyczki-dla-niemowlat-55-szt,canpol-3-115-bezpieczne-patyczki-dla-niemowlat-55-szt,True,True,False,False,True,
9790714347853,AKUKU A0586 - Smoczek uspokajający 0-6m - NIEBIESKI,akuku-a0586-smoczek-uspokajajacy-0-6m-niebieski,akuku-a0586-smoczek-uspokajajacy-0-6m-niebieski,True,True,False,False,True,
9790714413389,NIVEA BABY (80590) -  Oliwka pielęgnacyjna - (200 ml),nivea-baby-80590-oliwka-pielegnacyjna-200-ml,nivea-baby-80590-oliwka-pielegnacyjna-200-ml,True,True,False,False,True,
9790714446157,AVENT SCF091/05 - Smoczek Ultra Soft - (0-6m) - beż/zieleń,avent-scf091-05-smoczek-ultra-soft-0-6m-bez-zielen,avent-scf091-05-smoczek-ultra-soft-0-6m-bez-zielen,True,True,False,False,True,
9790714478925,CHICCO - Oliwka do masażu 0m+ (200ml),chicco-00010242000000-oliwka-do-masazu-200ml-0m,chicco-00010242000000-oliwka-do-masazu-200ml-0m,True,True,False,False,True,
9790714609997,NIVEA BABY -  ŻEL 2w1 - do mycia ciała i włosów - na dobranoc - (200 ml),nivea-baby-80546-zel-2w1-do-mycia-ciala-i-wlosow-na-dobranoc-200-ml,nivea-baby-80546-zel-2w1-do-mycia-ciala-i-wlosow-na-dobranoc-200-ml,True,True,False,False,True,
9790714708301,NIVEA BABY - Mój pierwszy KREM  - (75 ml),nivea-baby-80538-moj-pierwszy-krem-75-ml,nivea-baby-80538-moj-pierwszy-krem-75-ml,True,True,False,False,True,
9790714839373,CHICCO 00010580000000 - Płyn do kąpieli protection  0m+ (500ml),chicco-00010580000000-plyn-do-kapieli-protection-500ml-0m,chicco-00010580000000-plyn-do-kapieli-protection-500ml-0m,True,True,False,False,True,
9790714904909,NIVEA BABY (80512) - ŻEL 2w1 do mycia ciała i włosów - z dozownikiem - (500 ml),nivea-baby-80512-zel-2w1-do-mycia-ciala-i-wlosow-z-dozownikiem-500-ml,nivea-baby-80512-zel-2w1-do-mycia-ciala-i-wlosow-z-dozownikiem-500-ml,True,True,False,False,True,
9790714937677,BAMBINO 83671 - Żel do mycia ciała i włosów - 2w1 - (400ml),bambino-83671-zel-do-mycia-ciala-i-wlosow-2w1-400ml,bambino-83671-zel-do-mycia-ciala-i-wlosow-2w1-400ml,True,True,False,False,True,
9790714970445,BAMBINO 83649 - Krem pielęgnacyjny z D-PANTENOLEM - 200ml,bambino-83649-krem-pielegnacyjny-z-pantenolem-200ml,bambino-83649-krem-pielegnacyjny-z-pantenolem-200ml,True,True,False,False,True,
9790715035981,BAMBINO 83660 - Chusteczki dla niemowląt  FOLIA - (63szt.),bambino-83660-chusteczki-dla-niemowlat-folia,bambino-83660-chusteczki-dla-niemowlat-folia,True,True,False,False,True,
9790715101517,ATK (MINIANIA) - Pielucha FLANELOWA - kolor z nadrukiem - (70x80 cm),atk-miniania-pielucha-z-flaneli-kolor-z-nadrukiem-pakowane-po-5szt,atk-miniania-pielucha-z-flaneli-kolor-z-nadrukiem-pakowane-po-5szt,True,True,False,False,True,
9790715199821,ATK (MINIANIA) - Pielucha FLANELOWA - BIAŁA  - (80x70cm) - 1 szt.,atk-miniania-pielucha-flanelowa-80x70-biala-bez-nadruku-cena-za-1szt-pakowane-po-5szt,atk-miniania-pielucha-flanelowa-80x70-biala-bez-nadruku-cena-za-1szt-pakowane-po-5szt,True,True,False,False,True,
9790715265357,AVENT SCF254/24 - Wkładki jednorazowe - (24 szt.),avent-scf254-24-wkladki-jednorazowe-24-szt,avent-scf254-24-wkladki-jednorazowe-24-szt,True,True,False,False,True,
9790715330893,CHICCO 00002256400000 - Krem na brodawki - (30 ml),chicco-00002256400000-krem-na-brodawki-30-ml,chicco-00002256400000-krem-na-brodawki-30-ml,True,True,False,False,True,
9790715396429,MEDELA 101041323 - Purelan maść LANOLINOWA- (7g),medela-101041323-purelan-masc-lanolinowa-7g,medela-101041323-purelan-masc-lanolinowa-7g,True,True,False,False,True,
9790715461965,ARDO - Krem przeciw rozstępom,ardo-krem-przeciw-rozstepom,ardo-krem-przeciw-rozstepom,True,True,False,False,True,
9790715527501,ARDO CARE - Lanolina 10ml,ardo-care-lanolina-10ml,ardo-care-lanolina-10ml,True,True,False,False,True,
9790715625805,AVENT SCF153/01-03 - Osłonki na piersi,avent-scf153-03-oslonki-na-piersi-srednie,avent-scf153-03-oslonki-na-piersi-srednie,True,True,False,False,True,
9790715986253,"AKUKU A0549(50, 51, 52) - Majtki jednorazowe poporodowe - (5 szt.)",akuku-a0549-majtki-jednorazowe-poporodowe-s,akuku-a0549-majtki-jednorazowe-poporodowe-s,True,True,False,False,True,
9790716084557,LANSINOH - Osłonki laktacyjne Nipple Shields - 2 sztuki (1 para),lansinoh-oslonki-laktacyjne-nipple-shields-24mm,lansinoh-oslonki-laktacyjne-nipple-shields-24mm,True,True,False,False,True,
9790716117325,AKUKU A0234(5) - Majtki siateczkowe wielorazowe - (2 szt),akuku-a0234-majtki-siateczkowe-wielorazowe-l,akuku-a0234-majtki-siateczkowe-wielorazowe-l,True,True,False,False,True,
9790716182861,AKUKU A0501 - Podkład jednorazowy 60x90 cm SENSITIVE  - (10 szt.),akuku-a0501-podklad-jednorazowy-60x90-cm-sensitive-10-szt,akuku-a0501-podklad-jednorazowy-60x90-cm-sensitive-10-szt,True,True,False,False,True,
9790716281165,AKUKU A0030 - Nawilżany papier toaletowy - (50 szt.),akuku-a0030-nawilzany-papier-toaletowy-50-szt,akuku-a0030-nawilzany-papier-toaletowy-50-szt,True,True,False,False,True,
9790716346701,AKUKU A0144 - Podkład higieniczny jednorazowy 60x90 cm -  proMED - (20 szt.),akuku-a0144-podklad-higieniczny-jednorazowy-60x90-cm-promed-20-szt,akuku-a0144-podklad-higieniczny-jednorazowy-60x90-cm-promed-20-szt,True,True,False,False,True,
9790716445005,LANSINOH - Wkładki laktacyjne jednorazowe - (60 szt.),lansinoh-wkladki-laktacyjne-jednorazowe-60-szt,lansinoh-wkladki-laktacyjne-jednorazowe-60-szt,True,True,False,False,True,
9790716510541,AKUKU A0160 - Wkładki laktacyjne DAILY -  (60 szt.),akuku-a0160-wkladki-laktacyjne-daily-60-szt,akuku-a0160-wkladki-laktacyjne-daily-60-szt,True,True,False,False,True,
9790716576077,CANPOL 26/901 - Pieluszki MUŚLINOWE - 70x70cm - (2 szt.)  - Bonjour Paris blue,canpol-26-901-pieluszki-muslinowe-2-szt-70x70cm-bonjour-paris-blue,canpol-26-901-pieluszki-muslinowe-2-szt-70x70cm-bonjour-paris-blue,True,True,False,False,True,
9790716608845,CANPOL 26/901 - Pieluszki MUŚLINOWE - 70x70cm - (2 szt.)  -Bonjour Paris pink,canpol-26-901-pieluszki-muslinowe-2-szt-70x70cm-bonjour-paris-pink,canpol-26-901-pieluszki-muslinowe-2-szt-70x70cm-bonjour-paris-pink,True,True,False,False,True,
9790716641613,CHICCO 00061779000000 - Wkładki laktacyjne - (30 szt.),chicco-00061779000000-wkladki-laktacyjne-30-szt,chicco-00061779000000-wkladki-laktacyjne-30-szt,True,True,False,False,True,
9790716707149,MATEX - Okrycie kąpielowe PRESTIGE BUNNY - WAFEL- (rozmiar: 70x140) - ZIELONY,matex-okrycie-kapielowe-wafel-prestige-bunny-70x140-tb0456_33-j-zielony,matex-okrycie-kapielowe-wafel-prestige-bunny-70x140-tb0456_33-j-zielony,True,True,False,False,True,
9790716870989,MATEX - Okrycie kąpielowe PRESTIGE BUNNY - WAFEL-  (rozmiar: 70x140)  RÓŻOWY,matex-okrycie-kapielowe-wafel-prestige-bunny-70x140-tb0456_10-rozowy,matex-okrycie-kapielowe-wafel-prestige-bunny-70x140-tb0456_10-rozowy,True,True,False,False,True,
9790717067597,"B.O.1647/(1,2,3) - Kocyk  bawełniany - Dzianinynowy",b-o-1479-02-kocyk-dzianiny-bambusowy-szary,b-o-1479-02-kocyk-dzianiny-bambusowy-szary,True,True,False,False,True,
9790717100365,B.O.1479/01 - Kocyk Bambusowy - Dzianina  - (kremowy),b-o-1479-01-kocyk-dzianina-bambusowy-kremowy,b-o-1479-01-kocyk-dzianina-bambusowy-kremowy,True,True,False,False,True,
9790717526349,B.O.585/30 - Biustonosz do karmienia - NEUTRALNY,b-o-585-30-biustonosz-do-karmienia-b75-80-neutralny,b-o-585-30-biustonosz-do-karmienia-b75-80-neutralny,True,True,False,False,True,
9790717722957,B.O.823 - Silikonowe osłonki na piersi NATURAL NURSING,b-o-823-m-silikonowe-oslonki-na-piersi-natural-nursing,b-o-823-m-silikonowe-oslonki-na-piersi-natural-nursing,True,True,False,False,True,
9790717952333,B.O.500 - Jednorazowe Majtki poporodowe - 5 szt.,b-o-500-xl-jednorazowe-majtki-poporodowe-xl,b-o-500-xl-jednorazowe-majtki-poporodowe-xl,True,True,False,False,True,
9790718083405,AKUKU A0069 - Podkład poporodowy - SLIM,akuku-a0069-podklad-poporodowy-slim,akuku-a0069-podklad-poporodowy-slim,True,True,False,False,True,
9790718148941,LANSINOH - Lanolina HPA - krem na brodawki sutkowe - (40 ml),lansinoh-lanolina-40-ml,lansinoh-lanolina-40-ml,True,True,False,False,True,
9790718214477,LANSINOH PERICARE -  Wkładki ŻELOWE poporodowe Therapearl,lansinoh-pericare-wkladki-zelowe-poporodowe-therapearl,lansinoh-pericare-wkladki-zelowe-poporodowe-therapearl,True,True,False,False,True,
9790718378317,NUK 252137 -  Wkładki laktacyjne HIGH PEFORMENCE  - (8szt.),nuk-252137-wkladki-laktacyjne-high-peformence-8szt,nuk-252137-wkladki-laktacyjne-high-peformence-8szt,True,True,False,False,True,
9790718673229,LOVI 5/605(606) - Silikonowe osłonki piersi Skin Touch (2 szt.),lovi-5-606-silikonowe-oslonki-piersi-skin-touch-2-szt-m-l,lovi-5-606-silikonowe-oslonki-piersi-skin-touch-2-szt-m-l,True,True,False,False,True,
9790718738765,..B.O.509 - Podkład do przewijania  60x90cm - (10 szt.),b-o-509-podklad-do-przewijania-60x90-10-szt,b-o-509-podklad-do-przewijania-60x90-10-szt,True,True,False,False,True,
9790718771533,B.O.298/01 - Wkładki laktacyjne NATURAL NURSING - (24 szt.) -  białe,b-o-298-01-wkladki-laktacyjne-natural-nursing-24-szt-biale,b-o-298-01-wkladki-laktacyjne-natural-nursing-24-szt-biale,True,True,False,False,True,
9790718804301,AKUKU A0369 - Podkłady poporodowe - (10szt.),akuku-a0369-podklady-poporodowe,akuku-a0369-podklady-poporodowe,True,True,False,False,True,
9790718869837,BELLA - Wkładki laktacyjne MAMMA - (30 szt.),bella-wkladki-laktacyjne-mamma-30-szt,bella-wkladki-laktacyjne-mamma-30-szt,True,True,False,False,True,
9790718968141,CANPOL 1/653 - Wkładki laktacyjne  - (30 szt.),canpol-1-653-wkladki-laktacyjne-30-szt,canpol-1-653-wkladki-laktacyjne-30-szt,True,True,False,False,True,
9790719066445,MATEX - KOCYK - PRESTIGE bawełniany dwustronny -(Кozmiar 75x100),matex-kocyk-prestige-bawelniany-dwustronny-75x100-tb0354-04,matex-kocyk-prestige-bawelniany-dwustronny-75x100-tb0354-04,True,True,False,False,True,
9790719131981,B.O.1552/02 - Okrycie kąpielowe frotte z kapturkiem (100x100cm) - 100% Bawełna - (niebieskie),b-o-1552-02-okrycie-kapielowe-frotte-z-kapturkiem-100x100cm-niebieskie,b-o-1552-02-okrycie-kapielowe-frotte-z-kapturkiem-100x100cm-niebieskie,True,True,False,False,True,
9790719197517,B.O.1552/01 - Okrycie kąpielowe frotte z kapturkiem (100x100cm) -100% Bawełna - (różowe),b-o-1552-01-okrycie-kapielowe-frotte-z-kapturkiem-100x100cm-rozowe,b-o-1552-01-okrycie-kapielowe-frotte-z-kapturkiem-100x100cm-rozowe,True,True,False,False,True,
9790719230285,B.O.1553/02 - Okrycie kąpielowe z kapturkiem - Bambusowe -  100x100cm (niebieskie),b-o-1553-02-okrycie-kapielowe-bambusowe-z-kapturkiem-100x100cm-niebieskie,b-o-1553-02-okrycie-kapielowe-bambusowe-z-kapturkiem-100x100cm-niebieskie,True,True,False,False,True,
9790719263053,B.O.1553 - Okrycie kąpielowe z kapturkiem - Bambusowe -  100x100cm,b-o-1553-01-okrycie-kapielowe-bambusowe-z-kapturkiem-100x100cm-rozowe,b-o-1553-01-okrycie-kapielowe-bambusowe-z-kapturkiem-100x100cm-rozowe,True,True,False,False,True,
9790719394125,CANPOL 78/007 - Dyskretne podpaski poporodowe - ze Skrzydełkami Day - (10 szt.),canpol-78-007-dyskretne-podpaski-poporodowe-ze-skrzydelkami-day,canpol-78-007-dyskretne-podpaski-poporodowe-ze-skrzydelkami-day,True,True,False,False,True,
9790719426893,CANPOL 73/003 - Wysokochłonne podkłady poporodowe - (10szt.),canpol-73-003-wysokochlonne-podklady-poporodowe-10szt,canpol-73-003-wysokochlonne-podklady-poporodowe-10szt,True,True,False,False,True,
9790719492429,CANPOL 78/008 - Dyskretne podpaski poporodowe - ze Skrzydełkami Night- (8 szt. ),canpol-78-008-dyskretne-podpaski-poporodowe-ze-skrzydelkami-night,canpol-78-008-dyskretne-podpaski-poporodowe-ze-skrzydelkami-night,True,True,False,False,True,
9790719689037,CANPOL 16/000(1) - Majtki dla kobiet w ciąży i po porodzie - (2 szt.),canpol-16-000-majtki-dla-kobiet-w-ciazy-i-po-porodzie-2-szt-s-m,canpol-16-000-majtki-dla-kobiet-w-ciazy-i-po-porodzie-2-szt-s-m,True,True,False,False,True,
9790719820109,CANPOL 73/001(2)  - Wielorazowe majtki poporodowe - SIATECZKOWE - (2szt.),canpol-73-002-wielorazowe-majtki-poporodowe-siateczkowe-2szt-l-xl,canpol-73-002-wielorazowe-majtki-poporodowe-siateczkowe-2szt-l-xl,True,True,False,False,True,
9790719951181,B.O.503  - Wielorazowe majtki - SIATECZKOWE -  2 szt.,b-o-503-xxl-wielorazowe-majtki-siateczkowe-xxl-2sz,b-o-503-xxl-wielorazowe-majtki-siateczkowe-xxl-2sz,True,True,False,False,True,
9790719983949,AKUKU A0258 - Podkład Peva 55x70cm -  Sowy Szare,akuku-a0258-podklad-peva-55x70-sowy-szare,akuku-a0258-podklad-peva-55x70-sowy-szare,True,True,False,False,True,
9790720115021,AKUKU A0254 - Podkład Peva 55x70 cm -  Sowy Różowo-Niebieskie,akuku-a0254-podklad-peva-55x70-sowy-rozowo-niebieskie,akuku-a0254-podklad-peva-55x70-sowy-rozowo-niebieskie,True,True,False,False,True,
9790720213325,B.O.597 - Podkłady poporodowe  COMFORT - (10 szt.),b-o-597-podklady-poporodowe-comfort,b-o-597-podklady-poporodowe-comfort,True,True,False,False,True,
9790720377165,B.O.599 - Podkłady poporodowe NIGHT & DAY - (10szt.),b-o-599-podklady-poporodowe-night-day,b-o-599-podklady-poporodowe-night-day,True,True,False,False,True,
9790720409933,B.O.348/12 - Pieluszki - MUŚLINOWE - super miękkie,b-o-348-12-pieluszki-muslinowe-super-miekkie,b-o-348-12-pieluszki-muslinowe-super-miekkie,True,True,False,False,True,
9790720475469,B.O.348/11 - Pieluszki - MUŚLINOWE - super miękkie,b-o-348-11-pieluszki-muslinowe-super-miekkie,b-o-348-11-pieluszki-muslinowe-super-miekkie,True,True,False,False,True,
9790720508237,B.O.348/10 - Pieluszki - MUŚLINOWE - super miękkie,b-o-348-10-pieluszki-muslinowe-super-miekkie,b-o-348-10-pieluszki-muslinowe-super-miekkie,True,True,False,False,True,
9790720672077,B.O.348/08-  Pieluszki - MUŚLINOWE - super miękkie,b-o-348-08-pieluszki-muslinowe-super-miekkie,b-o-348-08-pieluszki-muslinowe-super-miekkie,True,True,False,False,True,
9790720803149,B.O.348/07 - Pieluszki - MUŚLINOWE - super miękkie,b-o-348-07-pieluszki-muslinowe-super-miekkie,b-o-348-07-pieluszki-muslinowe-super-miekkie,True,True,False,False,True,
9790720835917,B.O.348/01 - Pieluszki - MUŚLINOWE - (3 szt.)- szary- TAKE CARE,b-o-348-01-pieluszki-muslinowe-3-szt-szary-take-care,b-o-348-01-pieluszki-muslinowe-3-szt-szary-take-care,True,True,False,False,True,
9790720901453,B.O.397/04 -Naturalne pieluszki - z włókien BAMBUSA organicznego - (miętowe) TAKE CARE,b-o-397-04-naturalne-pieluszki-z-wlokien-bambusa-organicznego-mietowe-take-care,b-o-397-04-naturalne-pieluszki-z-wlokien-bambusa-organicznego-mietowe-take-care,True,True,False,False,True,
9790720999757,B.O.397/08  - Naturalne pieluszki - z włókien bambusa - NATURAL BAMBOO,b-o-397-08-naturalne-pieluszki-z-wlokien-bambusa-natural-bamboo,b-o-397-08-naturalne-pieluszki-z-wlokien-bambusa-natural-bamboo,True,True,False,False,True,
9790721065293,B.O.397/09 - Naturalne pieluszki - z włókien bambusa - NATURAL BAMBOO,b-o-397-09-naturalne-pieluszki-z-wlokien-bambusa-natural-bamboo,b-o-397-09-naturalne-pieluszki-z-wlokien-bambusa-natural-bamboo,True,True,False,False,True,
9790721130829,B.O.397/12 - Naturalne pieluszki - z włókien bambusa - NATURAL BAMBOO,b-o-397-12-naturalne-pieluszki-z-wlokien-bambusa-natural-bamboo,b-o-397-12-naturalne-pieluszki-z-wlokien-bambusa-natural-bamboo,True,True,False,False,True,
9790721294669,KIECZMERSKI  - ROŻEK niemowlęcy - Wiązany -  MIMINU SOFT (0-3m) - RÓŻOWY,kieczmerski-rozek-niemowlecy-wiazany-miminu-soft-0-3m-pudrowy-roz,kieczmerski-rozek-niemowlecy-wiazany-miminu-soft-0-3m-pudrowy-roz,True,True,False,False,True,
9790721327437,KIECZMERSKI  - ROŻEK niemowlęcy - Wiązany -  MIMINU SOFT (0-3m) - BEŻ,kieczmerski-rozek-niemowlecy-wiazany-miminu-soft-0-3m-bez,kieczmerski-rozek-niemowlecy-wiazany-miminu-soft-0-3m-bez,True,True,False,False,True,
9790721458509,AKUKU A0354 - Wkładki laktacyjne - Ultracienkie - (30 szt.),akuku-a0354-wkladki-laktacyjne-ultracienkie,akuku-a0354-wkladki-laktacyjne-ultracienkie,True,True,False,False,True,
9790721524045,..B.O.513 - Podkład do przewijania 40x60cm - (10szt.),b-o-513-podklad-do-przewijania-40x60-10szt,b-o-513-podklad-do-przewijania-40x60-10szt,True,True,False,False,True,
9790721556813,B.O.297/01 - Wkładki laktacyjne NIGHT & DAY - (40 szt.),b-o-297-01-wkladki-laktacyjne-night-day-40-szt,b-o-297-01-wkladki-laktacyjne-night-day-40-szt,True,True,False,False,True,
9790721655117,..CANPOL 78/001 - Oddychające podkłady poporodowe NA NOC -  (10szt.),canpol-78-001-oddychajace-podklady-poporodowe-na-noc-10szt,canpol-78-001-oddychajace-podklady-poporodowe-na-noc-10szt,True,True,False,False,True,
9790721786189,BELLA - Podkład higieniczny MAMMA - 34x11 cm z folią - (10 szt.),bella-podklad-higieniczny-mamma-34x11-cm-z-folia-10-szt,bella-podklad-higieniczny-mamma-34x11-cm-z-folia-10-szt,True,True,False,False,True,
9807598223693,Skarpety damskie (FLAMINGO) Best Mom - Doctor Nap,skarpety-damskie-best-mom-38-41-doctor-nap,skarpety-damskie-best-mom-38-41-doctor-nap,True,True,False,False,True,
9807598387533,Szlafrok damski bambusowy wiązany - Doctor Nap,szlafrok-damski-bambusowy-wiazany-xl-doctor-nap,szlafrok-damski-bambusowy-wiazany-xl-doctor-nap,True,True,False,False,True,
9807598485837,SZLAFROK DAMSKI z delikatnego muślinu (wiązany) - Doctor Nap,szlafrok-damski-z-delikatnego-muslinu-l-wiazany-doctor-nap,szlafrok-damski-z-delikatnego-muslinu-l-wiazany-doctor-nap,True,True,False,False,True,
9807598747981,Koszula do karmienia - (beige) - Doctor Nap,koszula-do-karmienia-beige-xxl-doctor-nap,koszula-do-karmienia-beige-xxl-doctor-nap,True,True,False,False,True,
9807598911821,Koszula do karmienia -( DEEP BLUE) - Doctor Nap,koszula-do-karmienia-deep-blue-xl-doctor-nap,koszula-do-karmienia-deep-blue-xl-doctor-nap,True,True,False,False,True,
9807599108429,Koszula do karmienia - (SWEET_PINK) - Doctor Nap,koszula-do-karmienia-sweet_pink-xl-doctor-nap,koszula-do-karmienia-sweet_pink-xl-doctor-nap,True,True,False,False,True,
9807599272269,Koszula do karmienia -( różowy) - Doctor Nap,koszula-do-karmienia-rozowy-xl-doctor-nap,koszula-do-karmienia-rozowy-xl-doctor-nap,True,True,False,False,True,
9807599468877,Koszula do karmienia -(GRAPHITE) - Doctor Nap,koszula-do-karmienia-graphite-xxl-doctor-nap,koszula-do-karmienia-graphite-xxl-doctor-nap,True,True,False,False,True,
9807599665485,Koszula do karmienia -(GREY) - Doctor Nap,koszula-do-karmienia-grey-xxxl-doctor-nap,koszula-do-karmienia-grey-xxxl-doctor-nap,True,True,False,False,True,
9807599829325,Koszula do karmienia -(DARK_GREY) -Doctor Nap,koszula-do-karmienia-dark_grey-xxl-doctor-nap,koszula-do-karmienia-dark_grey-xxl-doctor-nap,True,True,False,False,True,
9816061804877,Biustonosz sportowy do karmienia DOCTOR NAP,biustonosz-sportowy-do-karmienia-doctor-nap,biustonosz-sportowy-do-karmienia-doctor-nap,True,True,False,False,True,
9816066851149,Doctor Nap szlafrok damski suwak,doctor-nap-szlafrok-damski-suwak,doctor-nap-szlafrok-damski-suwak,True,True,False,False,True,
9816069800269,Skarpety damskie (COSMOS) Best Mom - Doctor Nap,skarpety-damskie-cosmos-best-mom-doctor-nap,skarpety-damskie-cosmos-best-mom-doctor-nap,True,True,False,False,True,
9816070717773,Skarpety damskie (GREY SWAN) - Doctor Nap,skarpety-damskie-grey-swan-doctor-nap,skarpety-damskie-grey-swan-doctor-nap,True,True,False,False,True,
9870100431181,Torba do szpitala-010,torba-do-szpitala,torba-do-szpitala,True,True,False,False,True,
9870156497229,PIKOWANA TORBA do szpitala z TULIPANAMI -  Rozmiar:  L,pikowana-torba-do-szpitala,pikowana-torba-do-szpitala,True,True,False,False,True,
9870172815693,PIKOWANA TORBA do szpitala z NIEDŹWIEDZIEM -  Rozmiar: L,pikowana-torba-do-szpitala-z-niedzwiedziem,pikowana-torba-do-szpitala-z-niedzwiedziem,True,True,False,False,True,
9870190805325,Torba bawełna do szpitala,torba-bawelna-do-szpitala,torba-bawelna-do-szpitala,True,True,False,False,True,
9870250541389,Zestaw plastikowych butelek na produkty higieniczne (9 szt.),zestaw-plastikowych-butelek-na-produkty-higieniczne-9-szt,zestaw-plastikowych-butelek-na-produkty-higieniczne-9-szt,True,True,False,False,True,
9870257488205,Gumki do włosów elastyczne (3 szt.),gumki-do-wlosow-elastyczne,gumki-do-wlosow-elastyczne,True,True,False,False,True,
9916727361869,Klapki damskie - Biały,klapki-damskie-bialy,klapki-damskie-bialy,True,True,False,False,True,
9916745384269,DADA Extra Care -PIELUSZKI JEDNORAZOWE-  Rozm. 1 - (2-5 kg) - 26 szt.,5903933668482-pieluszki-dada-extra-care-rozm-1-2-5-kg-26-szt,5903933668482-pieluszki-dada-extra-care-rozm-1-2-5-kg-26-szt,True,True,False,False,True,
9916753576269,Jednorazowe nakładki na toaletę -  Biodegradowalne podkładki - (6 szt.),jednorazowe-nakladki-na-toalete-biodegradowalne-podkladki-8-szt,jednorazowe-nakladki-na-toalete-biodegradowalne-podkladki-8-szt,True,True,False,False,True,
9916759179597,Chusteczki dezynfekcyjne nasączone alkoholem 70% - (30 x 30 mm) - 4 szt.,chusteczki-dezynfekcyjne-nasaczone-alkoholem-70-apteo-30-x-30-mm-5-szt,chusteczki-dezynfekcyjne-nasaczone-alkoholem-70-apteo-30-x-30-mm-5-szt,True,True,False,False,True,
9916766585165,AKUKU A0338 - Szczotka do butelek,akuku-a0338-szczotka-do-butelek,akuku-a0338-szczotka-do-butelek,True,True,False,False,True,
9916769960269,ROZTWÓR FIZJOLOGICZNY - INhalacja soli - 5 AMPUŁEK,roztwor-fizjologiczny-inhalacja-soli-5-ampulek,roztwor-fizjologiczny-inhalacja-soli-5-ampulek,True,True,False,False,True,
9916778381645,Akuku A0004 - Butelka do karmienia - (125ml),akuku-a0004-butelka-do-karmienia-125ml,akuku-a0004-butelka-do-karmienia-125ml,True,True,False,False,True,
9916787491149,Pieluszka tetrowa wielorazowa  - BIAŁA  - (40x80 cm) - 1 szt.,pieluszka-wielorazowa-ega-ch-622-biala-1-szt,pieluszka-wielorazowa-ega-ch-622-biala-1-szt,True,True,False,False,True,
9916816064845,Ziajka - krem do pielęgnacji dzieci i niemowląt,ziajka-krem-do-pielegnacji-dzieci-i-niemowlat,ziajka-krem-do-pielegnacji-dzieci-i-niemowlat,True,True,False,False,True,
9916819013965,Ziaja - Płyn do kąpieli dla dzieci i niemowląt natłuszczający,ziaja-plyn-do-kapieli-dla-dzieci-i-niemowlat-natluszczajacy,ziaja-plyn-do-kapieli-dla-dzieci-i-niemowlat-natluszczajacy,True,True,False,False,True,
9916822782285,Ziajka - maść na pośladki przeciw odparzeniom - 50 ml,ziajka-masc-na-posladki-przeciw-odparzeniom-50-ml,ziajka-masc-na-posladki-przeciw-odparzeniom-50-ml,True,True,False,False,True,
9916827631949,Ziaja - antyperspirant,ziaja-antyperspirant,ziaja-antyperspirant,True,True,False,False,True,
9916836577613,Ziaja - Płyn do higieny intymnej - Mamma Mia - 300 ml,ziaja-plyn-do-higieny-intymnej-mamma-mia-300-ml,ziaja-plyn-do-higieny-intymnej-mamma-mia-300-ml,True,True,False,False,True,
9942448079181,Bobini Baby - Żel do mycia ciała i włosów dla niemowląt - 2w1 - (300ml),szampon-i-zel-do-kapieli-2w1-bebble-200ml,szampon-i-zel-do-kapieli-2w1-bebble-200ml,True,True,False,False,True,
9984439648589,BELLA chusteczki do higieny intymnej SENSITIV - 10 szt,bella-chusteczki-do-higieny-intymnej-sensitiv-10-szt,bella-chusteczki-do-higieny-intymnej-sensitiv-10-szt,True,True,False,False,True,
9984447742285,Luba Tuli - chusteczki nawilżane dla dzieci - z aloesem-  (60 szt.),luba-tuli-chusteczki-nawilzane-dla-dzieci-z-aloesem-60-szt,luba-tuli-chusteczki-nawilzane-dla-dzieci-z-aloesem-60-szt,True,True,False,False,True,
9984478249293,AKUKU A0003 - Płatki kosmetyczne dla niemowląt - ( 0m+ ) - 60szt.,akuku-a0003-platki-kosmetyczne-dla-niemowlat-0m-60szt,akuku-a0003-platki-kosmetyczne-dla-niemowlat-0m-60szt,True,True,False,False,True,
9984483131725,AKUKU A0040 - ZESTAW DO MANICURE,akuku-a0040-zestaw-do-manicure,akuku-a0040-zestaw-do-manicure,True,True,False,False,True,
9984487653709,Rożek niemowlęcy - standard 75x75 cm -(MIMINU DESIGN Misie błękit) - bawełna 100%,rozek-niemowlecy-standard-75x75-cm-miminu-design-misie-blekit-bawelna-100,rozek-niemowlecy-standard-75x75-cm-miminu-design-misie-blekit-bawelna-100,True,True,False,False,True,
9984490242381,Rożek niemowlęcy - standard 75x75 cm - (MIMINU DESIGN Kotki ) - bawełna 100%,rozek-niemowlecy-standard-75x75-cm-miminu-design-kotki-bawelna-100,rozek-niemowlecy-standard-75x75-cm-miminu-design-kotki-bawelna-100,True,True,False,False,True,
9984493814093,"Rożek niemowlęcy - standard 75x75 cm - (MIMINU DESIGN, little ballerina) - bawełna 100%",rozek-niemowlecy-standard-75x75-cm-miminu-design-little-ballerina-bawelna-100,rozek-niemowlecy-standard-75x75-cm-miminu-design-little-ballerina-bawelna-100,True,True,False,False,True,
9984495878477,CANPOL 22/580 - SMOCZEK  - silikon orthodontic- SYMETRYCZNY -( 0m+) - beżowy,canpol-22-565-smoczek-anatomiczny-silikon-orthodontic-0m-bezowy,canpol-22-565-smoczek-anatomiczny-silikon-orthodontic-0m-bezowy,True,True,False,False,True,
9984497156429,Akuku A0394 - Termometr pływający do kąpieli - Żyrafa,akuku-a0394-termometr-plywajacy-do-kapieli-zyrafa,akuku-a0394-termometr-plywajacy-do-kapieli-zyrafa,True,True,False,False,True,
9984498565453,AKUKU A1231 - Okrycie kąpielowe -( 80x80 cm) - 100% bawełna - ecru,akuku-a1231-okrycie-kapielowe-80x80-cm-100-bawelna-ecru,akuku-a1231-okrycie-kapielowe-80x80-cm-100-bawelna-ecru,True,True,False,False,True,
9984514523469,FARA - Pielucha FLANELOWA   - JEDNOKOLOROWA - (70x80cm),pielucha-flanela-70x80-jednokolorowa,pielucha-flanela-70x80-jednokolorowa,True,True,False,False,True,
9984526778701,Pieluszka tetrowa - BIAŁA -  (70X80) - 1 szt.,fara-pieluszka-tetrowa-70x80-biala,fara-pieluszka-tetrowa-70x80-biala,True,True,False,False,True,
9984539656525,Pieluszka tetrowa - DRUK - (70X80) - mix kolorów,fara-pielucha-tetra-druk-70x80-mix-kolorow,fara-pielucha-tetra-druk-70x80-mix-kolorow,True,True,False,False,True,
9987114434893,Nakładka sedesowa jednorazowa - 1 szt.,nakladka-sedesowa-jednorazowa-1-szt,nakladka-sedesowa-jednorazowa-1-szt,True,True,False,False,True,
10007582900557,Teczka na dokumenty -  rozmiar A4 - (mix kolorów),teczka-na-dokumenty-rozmiar-a4-mix-kolorow,teczka-na-dokumenty-rozmiar-a4-mix-kolorow,True,True,False,False,True,
10057629303117,TORBA WYPRAWKA DLA NOWORODKA/MAMY DO SZPITALA -podstawowa różowa,torba-wyprawka-dla-noworodkamamy-do-szpitala-podstawowa-rozowa,torba-wyprawka-dla-noworodkamamy-do-szpitala-podstawowa-rozowa,True,True,False,False,True,
10058404856141,TORBA WYPRAWKA DLA NOWORODKA/MAMY DO SZPITALA + RĘCZNIK – błękitna,torba-wyprawka-dla-noworodkamamy-do-szpitala-recznik-blekitna,torba-wyprawka-dla-noworodkamamy-do-szpitala-recznik-blekitna,True,True,False,False,True,
10058404954445,TORBA WYPRAWKA DLA NOWORODKA/MAMY DO SZPITALA + RĘCZNIK – różowa,torba-wyprawka-dla-noworodkamamy-do-szpitala-recznik-rozowa,torba-wyprawka-dla-noworodkamamy-do-szpitala-recznik-rozowa,True,True,False,False,True,
10058405118285,TORBA WYPRAWKA DLA NOWORODKA/MAMY DO SZPITALA -podstawowa błękitna,torba-wyprawka-dla-noworodkamamy-do-szpitala-podstawowa-blekitna,torba-wyprawka-dla-noworodkamamy-do-szpitala-podstawowa-blekitna,True,True,False,False,True,
10133099741517,CANPOL 22/562 - SMOCZEK  - silikon orthodontic- OKRĄGŁY -( 0m+)  -Niebieski,canpol-22-580-smoczek-uspokajajacy-silikonowy-symetryczny-okragly-0-6m-nawborn-niebieski,canpol-22-580-smoczek-uspokajajacy-silikonowy-symetryczny-okragly-0-6m-nawborn-niebieski,True,True,False,False,True,
10133101543757,CANPOL 22/580 - SMOCZEK  - silikon orthodontic- SYMETRYCZNY -( 0m+) - RÓŻOWY,smoczek-uspokajajacy-0-6m-symetryczny-okragly-rozowy,smoczek-uspokajajacy-0-6m-symetryczny-okragly-rozowy,True,True,False,False,True,
10183832240461,CANPOL 14/000 - Maść lanolinowa - do brodawek sutkowych - (7 g),canpol-14-000-masc-lanolinowa-do-brodawek-sutkowych-7-g,canpol-14-000-masc-lanolinowa-do-brodawek-sutkowych-7-g,True,True,False,False,True,
10199904846157,Rożek niemowlęcy - standard 80x80 cm - (na rzep) - bawełna 100%- DLA DZIEWCZYNKI,rozek-niemowlecy-standard-80x80-cm-na-rzep-bawelna-100-dla-dziewczynki,rozek-niemowlecy-standard-80x80-cm-na-rzep-bawelna-100-dla-dziewczynki,True,True,False,False,True,
10199906484557,Rożek niemowlęcy - standard 80x80 cm - (na rzep) - bawełna 100%- DLA CHŁOPCA,rozek-niemowlecy-standard-80x80-cm-na-rzep-bawelna-100-dla-chlopca,rozek-niemowlecy-standard-80x80-cm-na-rzep-bawelna-100-dla-chlopca,True,True,False,False,True,
10199908843853,Rożek niemowlęcy - standard 80x80 cm - (na rzep) - bawełna 100% - SZARY W GWIAZDKI,rozek-niemowlecy-standard-80x80-cm-na-rzep-bawelna-100-szary-w-gwiazdki,rozek-niemowlecy-standard-80x80-cm-na-rzep-bawelna-100-szary-w-gwiazdki,True,True,False,False,True,
10288718348621,AKUKU A0458 -  Zestaw manicure - różowy,akuku-a0458-zestaw-manicure-rozowy,akuku-a0458-zestaw-manicure-rozowy,True,True,False,False,True,
10288796369229,SZAMPON z keratyną  - Kozie Mleko - Ziaja - 400ml,szampon-z-keratyna-kozie-mleko-ziaja-400ml,szampon-z-keratyna-kozie-mleko-ziaja-400ml,True,True,False,False,True,
10288931995981,ODŻYWKA  z keratyną (kondycjonująca) - Kozie Mleko - Ziaja - (200 ml),odzywka-z-keratyna-kondycjonujaca-kozie-mleko-ziaja-200-ml,odzywka-z-keratyna-kondycjonujaca-kozie-mleko-ziaja-200-ml,True,True,False,False,True,
10289048846669,B.O.721/03 - Szczotka do butelek i smoczków - z mini szczoteczką - SZARA,b-o-721-03-szczotka-do-butelek-i-smoczkow-z-mini-szczoteczka-szara,b-o-721-03-szczotka-do-butelek-i-smoczkow-z-mini-szczoteczka-szara,True,True,False,False,True,
10309708841293,AKUKU A0684 -  Butelka do podmywania - Peri - (350 ml),akuku-a0684-butelka-do-podmywania-peri-350-ml,akuku-a0684-butelka-do-podmywania-peri-350-ml,True,True,False,False,True,
10309720801613,AKUKU A0399 - Kolektor na mleko - (ręczny),akuku-a0399-kolektor-na-mleko,akuku-a0399-kolektor-na-mleko,True,True,False,False,True,
10309722571085,AKUKU A0306 - Laktator ręczny,akuku-a0306-laktator-reczny,akuku-a0306-laktator-reczny,True,True,False,False,True,
10309730599245,CANPOL 12/216 - Laktator - RĘCZNY - Basic light,canpol-12-216-laktator-reczny-basic-light,canpol-12-216-laktator-reczny-basic-light,True,True,False,False,True,
10309754159437,WYPRAWKA TORBA DLA NOWORODKA/MAMY DO SZPITALA + ROŻEK + GRATIS-N,wyprawka-torba-dla-noworodkamamy-do-szpitala-rozek-gratis-n,wyprawka-torba-dla-noworodkamamy-do-szpitala-rozek-gratis-n,True,True,False,False,True,
10309759500621,WYPRAWKA TORBA DLA NOWORODKA/MAMY DO SZPITALA + ROŻEK + GRATIS-R,wyprawka-torba-dla-noworodkamamy-do-szpitala-rozek-gratis-r,wyprawka-torba-dla-noworodkamamy-do-szpitala-rozek-gratis-r,True,True,False,False,True,
10309760876877,TORBA WYPRAWKA dla noworodka i mamy do szpitala - DUŻY ZESTAW+RĘCZNIK,torba-wyprawka-dla-noworodka-i-mamy-do-szpitala-duzy-zestawrecznik,torba-wyprawka-dla-noworodka-i-mamy-do-szpitala-duzy-zestawrecznik,True,True,False,False,True,
10309761466701,Wyprawka TORBA dla noworodka i mamy do szpitala – NAJWAŻNIEJSZE +GRATIS-N,wyprawka-torba-dla-noworodka-i-mamy-do-szpitala-najwazniejsze-gratis-n,wyprawka-torba-dla-noworodka-i-mamy-do-szpitala-najwazniejsze-gratis-n,True,True,False,False,True,
10309762318669,Wyprawka TORBA dla noworodka i mamy do szpitala – NAJWAŻNIEJSZE +GRATIS-R,wyprawka-torba-dla-noworodka-i-mamy-do-szpitala-najwazniejsze-gratis-r,wyprawka-torba-dla-noworodka-i-mamy-do-szpitala-najwazniejsze-gratis-r,True,True,False,False,True,
10309763432781,Wyprawka TORBA dla noworodka i mamy do szpitala – DUŻY ZESTAW + GRATIS-N,wyprawka-torba-dla-noworodka-i-mamy-do-szpitala-duzy-zestaw-gratis-n,wyprawka-torba-dla-noworodka-i-mamy-do-szpitala-duzy-zestaw-gratis-n,True,True,False,False,True,
10309764022605,Wyprawka TORBA dla noworodka i mamy do szpitala – DUŻY ZESTAW + GRATIS-R,wyprawka-torba-dla-noworodka-i-mamy-do-szpitala-duzy-zestaw-gratis-r,wyprawka-torba-dla-noworodka-i-mamy-do-szpitala-duzy-zestaw-gratis-r,True,True,False,False,True,
10309767299405,Wyprawka do szpitala dla mamy i noworodka – DUŻY ZESTAW + PIKOWANA TORBA,wyprawka-do-szpitala-dla-mamy-i-noworodka-duzy-zestaw-pikowana-torba,wyprawka-do-szpitala-dla-mamy-i-noworodka-duzy-zestaw-pikowana-torba,True,True,False,False,True,
10336386154829,CANPOL 34/920 - Smoczek silikonowy - SYMETRYCZNY - (0-6m) - Panda,canpol-34-920-smoczek-silikonowy-symetryczny-0-6m-panda,canpol-34-920-smoczek-silikonowy-symetryczny-0-6m-panda,True,True,False,False,True,
10336392118605,CANPOL 34/924 Smoczek uspokajający silikonowy - SYMETRYCZNY- (0-6 m) - Animals -(niebieski),canpol-34-924-smoczek-uspokajajacy-silikonowy-symetryczny-0-6-m-animals-niebieski,canpol-34-924-smoczek-uspokajajacy-silikonowy-symetryczny-0-6-m-animals-niebieski,True,True,False,False,True,
10336435568973,CANPOL 34/922 - Smoczek silikonowy - (18+m) - SYMETRYCZNY - EXOTIC Koala,canpol-34-922-smoczek-silikonowy-18-m-symetryczny-exotic-koala,canpol-34-922-smoczek-silikonowy-18-m-symetryczny-exotic-koala,True,True,False,False,True,
10379212816717,B.O.777/03 - Termometr do wody - TAKE CARE - różowy,b-o-777-03-termometr-do-wody-take-care-rozowy,b-o-777-03-termometr-do-wody-take-care-rozowy,True,True,False,False,True,
10379231297869,B.O. 1576 - Edukacyjna mata piankowa XPE - (150x200cm),b-o-1576-edukacyjna-mata-piankowa-xpe-150x200cm,b-o-1576-edukacyjna-mata-piankowa-xpe-150x200cm,True,True,False,False,True,
10379240636749,CANPOL 22/581 - Smoczek silikonowy - (6-18m) - SYMETRYCZNY - beżowy,canpol-22-581-smoczek-silikonowy-6-18m-symetryczny-bezowy,canpol-22-581-smoczek-silikonowy-6-18m-symetryczny-bezowy,True,True,False,False,True,
10379281727821,AKUKU A0683K - Kompres - ŻELOWY - do okolic intymnych,akuku-a0683k-kompres-zelowy-do-okolic-intymnych,akuku-a0683k-kompres-zelowy-do-okolic-intymnych,True,True,False,False,True,
10379288805709,AKUKU A0710 - Bezpieczne PATYCZKI do uszu dla niemowląt - (60 szt.),akuku-a0710-bezpieczne-patyczki-do-uszu-dla-niemowlat-60-szt,akuku-a0710-bezpieczne-patyczki-do-uszu-dla-niemowlat-60-szt,True,True,False,False,True,
10379295195469,CANPOL 1/500 - Ekologiczny PŁYN do mycia smoczków i butelek - (500 ml),canpol-1-500-ekologiczny-plyn-do-mycia-smoczkow-i-butelek-500-ml,canpol-1-500-ekologiczny-plyn-do-mycia-smoczkow-i-butelek-500-ml,True,True,False,False,True,
10379298603341,CANPOL 2/118 - Gruszka do nosa,canpol-2-118-gruszka-do-nosa,canpol-2-118-gruszka-do-nosa,True,True,False,False,True,
10389331476813,Rożek niemowlęcy - standard 80x80 cm - BECIK OTULACZ DWUSTRONNY - bawełna,rozek-niemowlecy-standard-80x80-cm-becik-otulacz-dwustronny-bawelna,rozek-niemowlecy-standard-80x80-cm-becik-otulacz-dwustronny-bawelna,True,True,False,False,True,
10389338358093,Skarpetki niemowlęce - z misiami - (0–3 m),skarpetki-niemowlece-z-misiami-0-3-m,skarpetki-niemowlece-z-misiami-0-3-m,True,True,False,False,True,
10389398946125,"Organizer na pieluchy i akcesoria - z misiem - (37,5 × 25 × 18 cm)",organizer-na-pieluchy-i-akcesoria-z-misiem-37-5-25-18-cm,organizer-na-pieluchy-i-akcesoria-z-misiem-37-5-25-18-cm,True,True,False,False,True,
10390102278477,"Organizer na pieluchy i akcesoria - PLECIONY- 3 przegrody, uchwyty",organizer-na-pieluchy-i-akcesoria-pleciony-3-przegrody-uchwyty,organizer-na-pieluchy-i-akcesoria-pleciony-3-przegrody-uchwyty,True,True,False,False,True,
10485662679373,CANPOL 34/920 - Smoczek silikonowy - (0+m) - SYMETRYCZNY - EXOTIC Koala,canpol-34-920-smoczek-silikonowy-0-m-symetryczny-exotic-koala,canpol-34-920-smoczek-silikonowy-0-m-symetryczny-exotic-koala,True,True,False,False,True,
10486342287693,CANPOL 2/424 - Szczotka + grzebień do włosów -(miękka) -  BIAŁA,canpol-2-424-szczotka-grzebien-do-wlosow-miekka-biala,canpol-2-424-szczotka-grzebien-do-wlosow-miekka-biala,True,True,False,False,True,
10486348611917,CANPOL 2/424 - Szczotka + grzebień do włosów -(miękka) -  NIEBIESKA,canpol-2-424-szczotka-grzebien-do-wlosow-miekka-niebieska,canpol-2-424-szczotka-grzebien-do-wlosow-miekka-niebieska,True,True,False,False,True,
10486351233357,CANPOL 2/424 - Szczotka + grzebień do włosów -(miękka) -  RÓŻOWA,canpol-2-424-szczotka-grzebien-do-wlosow-miekka-rozowa,canpol-2-424-szczotka-grzebien-do-wlosow-miekka-rozowa,True,True,False,False,True,
10486354903373,B.O.568/04 - Szczotka i grzebień do włosów - Naturalne super miękkie włosie - (RÓŻOWA ) TAKE CARE,b-o-568-04-szczotka-i-grzebien-do-wlosow-naturalne-super-miekkie-wlosie-rozowa-take-care,b-o-568-04-szczotka-i-grzebien-do-wlosow-naturalne-super-miekkie-wlosie-rozowa-take-care,True,True,False,False,True,
10486358081869,AKUKU A0473 - Zestaw do pielęgnacji -  (APPLE CASE) - SZARY,akuku-a0473-zestaw-do-pielegnacji-apple-case-szary,akuku-a0473-zestaw-do-pielegnacji-apple-case-szary,True,True,False,False,True,
10486362538317,CANPOL 9/809 - Nożyczki + cążki + pilniczek,canpol-9-809-nozyczki-cazki-pilniczek,canpol-9-809-nozyczki-cazki-pilniczek,True,True,False,False,True,
10486365815117,B.O.066 - Bezpieczne nożyczki - TAKE CARE,b-o-066-bezpieczne-nozyczki-take-care,b-o-066-bezpieczne-nozyczki-take-care,True,True,False,False,True,
10486372172109,CANPOL 2/782 - Termometr kąpielowy -  DELFIN - NIEBIESKI,canpol-2-782-termometr-kapielowy-delfin-niebieski,canpol-2-782-termometr-kapielowy-delfin-niebieski,True,True,False,False,True,
10486383182157,BIBS - Smoczek anatomiczny - (kauczuk) - (0+) - VANILLA - 1 szt,bibs-smoczek-anatomiczny-kauczuk-0-vanilla-1-szt,bibs-smoczek-anatomiczny-kauczuk-0-vanilla-1-szt,True,True,False,False,True,
10486402384205,BIBS (1001000216) - Smoczek anatomiczny - (kauczuk) - (0+) - IVORY - 1 szt,bibs-smoczek-anatomiczny-kauczuk-0-ivory-1-szt,bibs-smoczek-anatomiczny-kauczuk-0-ivory-1-szt,True,True,False,False,True,
10486417260877,B.O.777/03 - Termometr do wody - TAKE CARE - niebieski,b-o-777-03-termometr-do-wody-take-care-niebieski,b-o-777-03-termometr-do-wody-take-care-niebieski,True,True,False,False,True,
10486501441869,PIKOWANA TORBA do szpitala z haftem gałązek OLIWNYCH  - Rozmiar: L,pikowana-torba-do-szpitala-z-haftem-galazek-oliwnych-rozmiar-l,pikowana-torba-do-szpitala-z-haftem-galazek-oliwnych-rozmiar-l,True,True,False,False,True,
10486511665485,CANPOL 24/001  SMOCZEK silikonowy - SYMETRYCZNY USPAKAJAJĄCY -(0-6 m) - biały,canpol-24-001-smoczek-silikonowy-symetryczny-uspakajajacy-0-6-m-bialy,canpol-24-001-smoczek-silikonowy-symetryczny-uspakajajacy-0-6-m-bialy,True,True,False,False,True,
10489556992333,BIBS (1001000244) - Smoczek anatomiczny - (kauczuk) - (0+) - RÓŻOWY - 1 szt,bibs-1001000244-smoczek-anatomiczny-kauczuk-0-rozowy-1-szt,bibs-1001000244-smoczek-anatomiczny-kauczuk-0-rozowy-1-szt,True,True,False,False,True,
10489577210189,BIBS (1001000231) - Smoczek anatomiczny - (kauczuk) - (0+) - BABY BLUE - 1 szt,bibs-1001000231-smoczek-anatomiczny-kauczuk-0-baby-blue-1-szt,bibs-1001000231-smoczek-anatomiczny-kauczuk-0-baby-blue-1-szt,True,True,False,False,True,
10489610076493,BIBS (1001000250) - Smoczek anatomiczny - (kauczuk) - (0+) - SZAŁWIA - 1 szt,bibs-1001000250-smoczek-anatomiczny-kauczuk-0-szalwia-1-szt,bibs-1001000250-smoczek-anatomiczny-kauczuk-0-szalwia-1-szt,True,True,False,False,True,
10489639960909,BIBS BOHEME(2101000267) - Smoczek uspokajający (kauczuk) - (0+) - FIOLET - 1 szt,bibs-2101000267-smoczek-uspokajajacy-boheme-kauczuk-0-fiolet-1-szt,bibs-2101000267-smoczek-uspokajajacy-boheme-kauczuk-0-fiolet-1-szt,True,True,False,False,True,
10489715360077,BIBS  Supreme (160336) - Smoczek uspokajający - (SILIKON) - (0+) - Vanilla /Dark Oak - 2 szt,bibs-supreme-160336-smoczek-uspokajajacy-silikon-0-vanilla-dark-oak-2-szt,bibs-supreme-160336-smoczek-uspokajajacy-silikon-0-vanilla-dark-oak-2-szt,True,True,False,False,True,
10497078624589,AKUKU A0534 - Kompresy żelowe na piersi - (2 szt),akuku-a0534-kompresy-zelowe-na-piersi-2-szt,akuku-a0534-kompresy-zelowe-na-piersi-2-szt,True,True,False,False,True,
10497132396877,B.O.585/11 - Biustonosz do karmienia -  BIAŁY,b-o-585-11-biustonosz-do-karmienia-d70-75-bialy,b-o-585-11-biustonosz-do-karmienia-d70-75-bialy,True,True,False,False,True,
10497138098509,B.O.1479/03 - Kocyk Bambusowy - Dzianina  - (beżowy),b-o-1479-01-kocyk-bambusowy-dzianina-bezowy,b-o-1479-01-kocyk-bambusowy-dzianina-bezowy,True,True,False,False,True,
10497141277005,BAMBINO 3w1 - Chusteczki emolientowe hipoalergiczne - dla niemowląt dzieci - (57 szt.),bambino-3w1-chusteczki-emolientowe-hipoalergiczne-dla-niemowlat-dzieci-57-szt,bambino-3w1-chusteczki-emolientowe-hipoalergiczne-dla-niemowlat-dzieci-57-szt,True,True,False,False,True,
10497155825997,Chicco - TERMOMETR elektroniczny - DIGI BABY - (mix kolorów),chicco-termometr-elektroniczny-digi-baby-mix-kolorow,chicco-termometr-elektroniczny-digi-baby-mix-kolorow,True,True,False,False,True,
10497183809869,TCB.9504 - Koszula do karmienia - (GREY) - Doctor Nap,tcb-9504-koszula-do-karmienia-xl-grey-doctor-nap,tcb-9504-koszula-do-karmienia-xl-grey-doctor-nap,True,True,False,False,True,
10497186496845,TCB.9505 - Koszula do karmienia - L - (GRAPHITE) - Doctor Nap,tcb-9505-koszula-do-karmienia-l-graphite-doctor-nap,tcb-9505-koszula-do-karmienia-l-graphite-doctor-nap,True,True,False,False,True,
10497188561229,TCB.9505 - Koszula do karmienia - XXL - (PINK) - Doctor Nap,tcb-9505-koszula-do-karmienia-xxl-pink-doctor-nap,tcb-9505-koszula-do-karmienia-xxl-pink-doctor-nap,True,True,False,False,True,
10517866021197,Torba do szpitala dla MAMY – gotowa wyprawka ROZSZERZONA,bundle-product-14,bundle-product-14,True,True,False,False,True,
10517867528525,Torba do szpitala dla MAMY – gotowa wyprawka KOMPLETNA,bundle-product-15,bundle-product-15,True,True,False,False,True,
10517869068621,Torba do szpitala dla MAMY – gotowa wyprawka Premium,bundle-product-16,bundle-product-16,True,True,False,False,True,
10523329921357,Torba do szpitala dla MAMY i NOWORODKA – gotowa wyprawka PREMIUM,kompletny-md,kompletny-md,True,True,False,False,True,
10523339948365,Rożek niemowlęcy Teddy - standard 80x80 cm - DWUSTRONNY - bawełna,rozek-niemowlecy-teddy-standard-80x80-cm-dwustronny-bawelna,rozek-niemowlecy-teddy-standard-80x80-cm-dwustronny-bawelna,True,True,False,False,True,
10526795039053,Torba do szpitala dla MAMY – gotowa wyprawka PODSTAWOWA,bundle-product-13,bundle-product-13,True,True,False,False,True,
10530890285389,AKUKU A0418 - NOŻYCZKI - do paznokci,akuku-a0418-nozyczki-do-paznokci,akuku-a0418-nozyczki-do-paznokci,True,True,False,False,True,
10532559978829,AKUKU A0587 - Smoczek uspokajający 0-6m - RÓŻOWY,akuku-a0587-smoczek-uspokajajacy-0-6m-rozowy,akuku-a0587-smoczek-uspokajajacy-0-6m-rozowy,True,True,False,False,True,
10537302589773,LINOMAG - KREM BOBO A+E - (50ML),linomag-krem-bobo-a-e-50ml,linomag-krem-bobo-a-e-50ml,True,True,False,False,True,
10537305932109,LINOMAG - BALSAM - dla dzieci i niemowląt - (200Ml),linomag-balsam-dla-dzieci-i-niemowlat-200ml,linomag-balsam-dla-dzieci-i-niemowlat-200ml,True,True,False,False,True,
10537603203405,Torba do szpitala dla noworodka - gotowa wyprawka PREMIUM,bundle-product-21,bundle-product-21,True,True,False,False,True,
10537613033805,Torba do szpitala dla noworodka - gotowa wyprawka PODSTAWOWA,torba-do-szpitala-dla-noworodka-gotowa-wyprawka-premium,torba-do-szpitala-dla-noworodka-gotowa-wyprawka-premium,True,True,False,False,True,
10550671442253,PIKOWANA TORBA do szpitala z NIEDŹWIEDZIEM - Rozmiar: M,pikowana-torba-do-szpitala-z-niedzwiedziem-rozmiar-m,pikowana-torba-do-szpitala-z-niedzwiedziem-rozmiar-m,True,True,False,False,True,
10550679470413,PIKOWANA TORBA do szpitala z TULIPANAMI -  Rozmiar: M,pikowana-torba-do-szpitala-z-tulipanami-rozmiar-m,pikowana-torba-do-szpitala-z-tulipanami-rozmiar-m,True,True,False,False,True,
10555969110349,Klapki damskie – Brązowy,klapki-damskie-brazowy,klapki-damskie-brazowy,True,True,False,False,True,
10556118335821,CANPOL 35/245 - Butelka antykolkowa + pojemnik na mleko - (240 ml) - Goose - 3m+,canpol-35-245-butelka-antykolkowa-pojemnik-na-mleko-240-ml-goose-3m,canpol-35-245-butelka-antykolkowa-pojemnik-na-mleko-240-ml-goose-3m,True,True,False,False,True,
10556128493901,CANPOL 22/667(8) - SMOCZEK  - silikon orthodontic - SYMETRYCZNY -( 0-6m / 6-18m) - GOOSE - 2 szt.,canpol-22-667-smoczek-silikon-orthodontic-symetryczny-0-6-m-goose-2-szt,canpol-22-667-smoczek-silikon-orthodontic-symetryczny-0-6-m-goose-2-szt,True,True,False,False,True,
10556134654285,CANPOL 2/417 - Szczotka + grzebień do włosów -(miękka) -  GOOSE,canpol-2-417-szczotka-grzebien-do-wlosow-miekka-goose,canpol-2-417-szczotka-grzebien-do-wlosow-miekka-goose,True,True,False,False,True,
10556145303885,CANPOL 35/242(3) - BUTELKA antykolkowa - EasyStart MOUNTAINS BEIGE - (120ml / 240ml),canpol-35-243-butelka-antykolkowa-240-ml-beige-3m,canpol-35-243-butelka-antykolkowa-240-ml-beige-3m,True,True,False,False,True,
10556150645069,CANPOL 34/930(1) - SMOCZEK  - silikon orthodontic - SYMETRYCZNY - ( 0-6m / 6-18m) - MOUNTAINS żółte- 2 szt.,canpol-34-930-smoczek-silikon-orthodontic-symetryczny-0-6-m-mountains-zolte-2-szt,canpol-34-930-smoczek-silikon-orthodontic-symetryczny-0-6-m-mountains-zolte-2-szt,True,True,False,False,True,
10556155265357,CANPOL 1/661 -  Ręczniki bambusowe dla niemowląt i dzieci (20x20cm) - 120szt.,canpol-1-661-reczniki-bambusowe-dla-niemowlat-i-dzieci-20x20cm-120szt,canpol-1-661-reczniki-bambusowe-dla-niemowlat-i-dzieci-20x20cm-120szt,True,True,False,False,True,
10556157690189,Canpol 2/441 - ŁAŃCUSZEK - do smoczka uspokajającego - GOOSE,canpol-2-441-lancuszek-do-smoczka-uspokajajacego-goose,canpol-2-441-lancuszek-do-smoczka-uspokajajacego-goose,True,True,False,False,True,
10557085483341,"Rożek niemowlęcy - standard 75x75 cm - (MIMINU DESIGN, Żyrafki beżowo-różowa) - bawełna 100%",rozek-niemowlecy-standard-75x75-cm-miminu-design-zyrafki-bezowo-rozowa-bawelna-100,rozek-niemowlecy-standard-75x75-cm-miminu-design-zyrafki-bezowo-rozowa-bawelna-100,True,True,False,False,True,
10573409583437,B.O.1673/01 - Kocyk Bambusowy - Dzianina  - (Różowy),b-o-1673-01-kocyk-bambusowy-dzianina-rozowy,b-o-1673-01-kocyk-bambusowy-dzianina-rozowy,True,True,False,False,True,
10574439055693,B.O. 1670/01 - SMOCZEK - anatomiczny - silikon - świecący - (0m+) - 2 szt. - brąz/beż,b-o-1670-01-smoczek-anatomiczny-silikon-swiecacy-0m-2-szt-braz-bez,b-o-1670-01-smoczek-anatomiczny-silikon-swiecacy-0m-2-szt-braz-bez,True,True,False,False,True,
10578092097869,Canpol - Kolekcja GOOSE - zestaw 3m+ (4 elementów),canpol-kolekcja-goose-zestaw-3m-4-elementow,canpol-kolekcja-goose-zestaw-3m-4-elementow,True,True,False,False,True,
10578233033037,CANPOL 51/034 - TASIEMKA do smoczka (uspokajającego) - MOUNTAINS - yellow,canpol-51-034-tasiemka-do-smoczka-uspokajajacego-mountains-yellow,canpol-51-034-tasiemka-do-smoczka-uspokajajacego-mountains-yellow,True,True,False,False,True,
10578255151437,CANPOL24/201 -  BUTELKA antykolkowa - (S-Shape) - SZEROKA PP - (200 ml) - 0m+,canpol24-201-butelka-antykolkowa-s-shape-szeroka-pp-200-ml-0m,canpol24-201-butelka-antykolkowa-s-shape-szeroka-pp-200-ml-0m,True,True,False,False,True,
10578272649549,CANPOL 35/242(3) - BUTELKA antykolkowa - EasyStart MOUNTAINS - GREEN - (120ml / 240ml),canpol-35-2423-butelka-antykolkowa-easystart-mountains-green-120ml-240ml,canpol-35-2423-butelka-antykolkowa-easystart-mountains-green-120ml-240ml,True,True,False,False,True,
10578334712141,Zestaw Wyprawkowy MOUNTAINS Yellow – (4 elementów),zestaw-wyprawkowy-mountains-yellow-pielegnacja-i-karmienie,zestaw-wyprawkowy-mountains-yellow-pielegnacja-i-karmienie,True,True,False,False,True,
10585697091917,"AKUKU A1231(3,8) - RĘCZNIK kąpielowy - z kapturkiem - (80 x 80 cm)",akuku-a12313-8-recznik-kapielowy-z-kapturkiem-80-x-80-cm,akuku-a12313-8-recznik-kapielowy-z-kapturkiem-80-x-80-cm,True,True,False,False,True,
10585713443149,AKUKU A0664 - RĘCZNIK kąpielowy z kapturkiem - frotte - (100 x 100 cm),akuku-a0664-recznik-kapielowy-z-kapturkiem-frotte-100-x-100-cm,akuku-a0664-recznik-kapielowy-z-kapturkiem-frotte-100-x-100-cm,True,True,False,False,True,
10586497909069,Canpol - ZESTAW WYPRAWKOWY do szpitala - 5 produktów,canpol-zestaw-wyprawkowy-do-szpitala,canpol-zestaw-wyprawkowy-do-szpitala,True,True,False,False,True,
10587188887885,Babyono - ZESTAW WYPRAWKOWY dla mamy - 5 produktów,babyono-zestaw-wyprawkowy-dla-mamy-5-produktow,babyono-zestaw-wyprawkowy-dla-mamy-5-produktow,True,True,False,False,True,
10588661055821,Rożek niemowlęcy MUŚLINOWY - 75x75 cm - z kokardą - bawełna,rozek-niemowlecy-muslinowy-75x75-cm-z-kokarda-bawelna,rozek-niemowlecy-muslinowy-75x75-cm-z-kokarda-bawelna,True,True,False,False,True,
10597744902477,CANPOL 23/910 - SMOCZEK - SYMETRYCZNY - ( 0-2 m Mini) - 2szt.,canpol-23-910-smoczek-symetryczny-0-2-m-mini-2szt,canpol-23-910-smoczek-symetryczny-0-2-m-mini-2szt,True,True,False,False,True,
10597750341965,ALBERO MIO C015 - RĘCZNIK kąpielowy - z kapturkiem - (100 x 100 cm),albero-mio-c015-recznik-kapielowy-z-kapturkiem-100-x-100-cm,albero-mio-c015-recznik-kapielowy-z-kapturkiem-100-x-100-cm,True,True,False,False,True,
10597862244685,DUET BABY 547 - OKRYCIE KĄPIELOWE z kapturkiem + KOCYK dla niemowląt,duet-baby-547-okrycie-kapielowe-z-kapturkiem-kocyk-dla-niemowlat,duet-baby-547-okrycie-kapielowe-z-kapturkiem-kocyk-dla-niemowlat,True,True,False,False,True,
10599881245005,Rożek niemowlęcy MIX - standard 80x80 cm - DWUSTRONNY - bawełna,rozek-niemowlecy-mix-standard-80x80-cm-dwustronny-bawelna,rozek-niemowlecy-mix-standard-80x80-cm-dwustronny-bawelna,True,True,False,False,True,
10606429536589,Pieluszka muślinowa - ulewajka - 38x38 cm -  100% bawełna,pieluszka-muslinowa-ulewajka-38x38-cm-100-bawelna,pieluszka-muslinowa-ulewajka-38x38-cm-100-bawelna,True,True,False,False,True,
10606479671629,BIBS LIBERTY - Smoczek uspokajający - (2-pak) -  latex - Różowy,bibs-liberty-smoczek-uspokajajacy-2-pak-latex-rozowy,bibs-liberty-smoczek-uspokajajacy-2-pak-latex-rozowy,True,True,False,False,True,
10621282255181,Drewniany ORGANIZER dziecięcy - OH BABY - z drążkiem,drewniany-organizer-dzieciecy-oh-baby-z-drazkiem,drewniany-organizer-dzieciecy-oh-baby-z-drazkiem,True,True,False,False,True,
