product_id;parent_id;sku;name;stock_now;sold_period;avg_daily;needed_for_cover;order_qty;stock_cover_days;status
218659378;0;769513;AKUKU A1231 - Okrycie kąpielowe -( 80x80 cm) - 100% bawełna - ecru;-2;9;0,146;3;5;0,0;ORDER
211348453;0;PR-000011;AVENT-ZESTAW: Butelka dla niemowląt 125ml + SMOCZEK uspokajający - 0 m+ (dla chłopca);0;1;0,016;1;1;0,0;ORDER
211347374;0;767497;B.O.1451  - Butelka antykolkowa - (260ml) - Babyono - Natural Nursing;0;1;0,016;1;1;0,0;ORDER
211347529;0;5907400;B.O.1479/01 - Kocyk Bambusowy - Dzianina  - (kremowy);0;1;0,016;1;1;0,0;ORDER
488379243;0;5907404;B.O.1479/03 - Kocyk Bambusowy - Dzianina  - (beżowy);0;1;0,016;1;1;0,0;ORDER
211348244;0;5908858;B.O.1552/01 - Okrycie kąpielowe frotte z kapturkiem (100x100cm) -100% Bawełna - (różowe);0;1;0,016;1;1;0,0;ORDER
211348256;0;5908863;B.O.1553/02 - Okrycie kąpielowe z kapturkiem - Bambusowe -  100x100cm (niebieskie);0;1;0,016;1;1;0,0;ORDER
555125262;555121210;5901435418079;B.O.1673 - Kocyk Bambusowy - Dzianina - Niebieski/04;0;1;0,016;1;1;0,0;ORDER
555125265;555121210;5901435418048;B.O.1673 - Kocyk Bambusowy - Dzianina - Różowy/01;0;1;0,016;1;1;0,0;ORDER
211347561;211347557;5906742;B.O.585/30 - Biustonosz do karmienia - NEUTRALNY - B 75-80;0;1;0,016;1;1;0,0;ORDER
481609522;0;773983;B.O.777/03 - Termometr do wody - TAKE CARE - niebieski;-1;1;0,016;1;2;0,0;ORDER
211347219;0;BAM000001;BAMBOOLOVE - PIELUSZKI JEDNORAZOWE - Rozmiar S - (25 szt.) - (3-8kg);0;8;0,129;2;2;0,0;ORDER
211348264;0;1068;BELLA - Wkładki laktacyjne MAMMA - (30 szt.);-3;176;2,846;40;43;0,0;ORDER
211347385;0;781342;BELLA Baby Happy Chusteczki nasączone - wit.E i Alantoina - (64 szt.);0;2;0,032;1;1;0,0;ORDER
554396300;554390053;BIBS-SZALWIA-12;BIBS - Smoczek - kauczuk - SZAŁWIA - 2 (6m+);-1;1;0,016;1;2;0,0;ORDER
561107702;561102178;;BIBS STUDIO - Smoczek uspokajający - (2-pak) - latex - baby blue / dusty blue - BIBS-STUDIO-BABYBLUE-DUSTYBLUE-3;0;156;2,523;36;36;0,0;ORDER
541213096;527590394;5901691889576;CANPOL 34/930(1) - SMOCZEK  - silikon orthodontic - SYMETRYCZNY - ( 0-6m, 6-18m) - MOUNTAINS żółte- 2 szt. - 0-6m;0;1;0,016;1;1;0,0;ORDER
481559348;0;774241;CANPOL 9/809 - Nożyczki + cążki + pilniczek;0;2;0,032;1;1;0,0;ORDER
211347477;0;789088;CHICCO 00002256400000 - Krem na brodawki - (30 ml);0;1;0,016;1;1;0,0;ORDER
211347241;211347237;000644;HORIZON-MAJTKI POPORODOWE SIATKA (2 szt.) - 38-40;0;7;0,113;2;2;0,0;ORDER
211348490;211348480;TCB.9504.SWEET_PINK.XL.01;Koszula do karmienia - (SWEET_PINK) - Doctor Nap - XL;-1;1;0,016;1;2;0,0;ORDER
211348476;211348472;TCB.4348.BEIGE.XL.01;Koszula do karmienia - (beige) - Doctor Nap - XL;0;1;0,016;1;1;0,0;ORDER
211348504;211348497;TCB.5336.DEEP_BLUE.M.01;Koszula do karmienia -( DEEP BLUE) - Doctor Nap - M;-1;2;0,032;1;2;0,0;ORDER
211348557;211348548;TM.9301.DARK_GREY.M.01;Koszula do karmienia -(DARK_GREY) -Doctor Nap - M;0;1;0,016;1;1;0,0;ORDER
211348572;211348548;TM.9301.DARK_GREY.XXL.01;Koszula do karmienia -(DARK_GREY) -Doctor Nap - XXL;0;1;0,016;1;1;0,0;ORDER
211348598;211348576;TCB.9992.GRAPHITE.XL.01;Koszula do karmienia -(GRAPHITE) - Doctor Nap - XL;0;3;0,049;1;1;0,0;ORDER
211348340;0;779079;MATEX - KOCYK - PRESTIGE bawełniany dwustronny -(Кozmiar 75x100);0;1;0,016;1;1;0,0;ORDER
211347488;0;5908623;NIVEA BABY - Mój pierwszy KREM  - (75 ml);0;2;0,032;1;1;0,0;ORDER
528601621;0;5912041;Rożek niemowlęcy - standard 75x75 cm - (MIMINU DESIGN, Żyrafki beżowo-różowa) - bawełna 100%;0;1;0,016;1;1;0,0;ORDER
557328676;557323535;ROZ-8003;Rożek niemowlęcy MIX - standard 80x80 cm - DWUSTRONNY - bawełna - Misie;-2;4;0,065;1;3;0,0;ORDER
211348653;211348651;SOC.2201.COSMOS__35_37.S.01;Skarpety damskie (COSMOS) Best Mom - Doctor Nap - 35-37;0;1;0,016;1;1;0,0;ORDER
585922067;585922056;TORBA-MANIY-NIEBIESKA;Torba do szpitala dla mamy M.A.N.I.Y z dolną komorą - Torba do szpitala dla mamy M.A.N.I.Y z dolną komorą - Kolor: Niebieski;0;1;0,016;1;1;0,0;ORDER
585922078;585922056;TORBA-MANIY-ROZOWA;Torba do szpitala dla mamy M.A.N.I.Y z dolną komorą - Torba do szpitala dla mamy M.A.N.I.Y z dolną komorą - Kolor: Różowy;0;1;0,016;1;1;0,0;ORDER
481559346;0;779923;AKUKU A0473 - Zestaw do pielęgnacji -  (APPLE CASE) - SZARY;6;115;1,860;27;21;3,2;ORDER
211348864;0;ZIA1005;Ziaja - Płyn do higieny intymnej - Mamma Mia - 300 ml;8;133;2,151;31;23;3,7;ORDER
211347499;211347497;783215;AKUKU A0549(50, 51, 52) - Majtki jednorazowe poporodowe - (5 szt.) - S;1;16;0,259;4;3;3,9;ORDER
211348857;0;ZIA1001;Ziajka - krem do pielęgnacji dzieci i niemowląt;11;165;2,668;38;27;4,1;ORDER
211348866;0;ZIA1002;Ziajka - maść na pośladki przeciw odparzeniom - 50 ml;11;166;2,685;38;27;4,1;ORDER
218659375;0;770702;Akuku A0394 - Termometr pływający do kąpieli - Żyrafa;13;181;2,927;41;28;4,4;ORDER
211347448;0;1009;ATK (MINIANIA) - Pielucha FLANELOWA - BIAŁA  - (80x70cm) - 1 szt.;12;159;2,571;37;25;4,7;ORDER
211347257;0;KIN000015;Kindii Pure -  Płatki Bawełniane Kosmetyczne Dla Niemowląt - (60szt);15;190;3,073;44;29;4,9;ORDER
211347303;0;764251;AKUKU A0307 - Szczotka i grzebień - z naturalnym włosiem -  BIAŁA;15;184;2,976;42;27;5,0;ORDER
211348455;0;1687;BELLA - Podkład higieniczny MAMMA - 34x11 cm z folią - (10 szt.);13;162;2,620;37;24;5,0;ORDER
211348762;0;A0004;Akuku A0004 - Butelka do karmienia - (125ml);15;179;2,895;41;26;5,2;ORDER
441386695;0;789437;CANPOL 2/118 - Gruszka do nosa;1;12;0,194;3;2;5,2;ORDER
211348834;0;30092;Pieluszka tetrowa wielorazowa  - BIAŁA  - (40x80 cm) - 1 szt.;20;209;3,380;48;28;5,9;ORDER
441386686;0;5913828;AKUKU A0710 - Bezpieczne PATYCZKI do uszu dla niemowląt - (60 szt.);18;185;2,992;42;24;6,0;ORDER
211348756;0;5903933668482;DADA Extra Care -PIELUSZKI JEDNORAZOWE-  Rozm. 1 - (2-5 kg) - 26 szt.;16;140;2,264;32;16;7,1;ORDER
211347285;0;BE0031;SENI SOFT SUPER - Podkłady higieniczne 40x60cm - (5 sztuk);18;154;2,491;35;17;7,2;ORDER
218604261;0;int-1025;BELLA chusteczki do higieny intymnej SENSITIV - 10 szt;23;173;2,798;40;17;8,2;ORDER
441386700;0;ROZ2190;Rożek niemowlęcy - standard 80x80 cm - BECIK OTULACZ DWUSTRONNY - bawełna;1;7;0,113;2;1;8,8;ORDER
218604264;0;16071319;Luba Tuli - chusteczki nawilżane dla dzieci - z aloesem-  (60 szt.);26;166;2,685;38;12;9,7;ORDER
211348766;0;5907193;AKUKU A0338 - Szczotka do butelek;20;121;1,957;28;8;10,2;ORDER
211348859;0;301601001;Bobini Baby - Żel do mycia ciała i włosów dla niemowląt - 2w1 - (300ml);30;182;2,943;42;12;10,2;ORDER
218690219;0;PR-0009;Pieluszka tetrowa - DRUK - (70X80) - mix kolorów;36;197;3,186;45;9;11,3;ORDER
561026323;561024488;PIEL-MUS-38X38-1-MIS-SPIOCH;Pieluszka muślinowa - ulewajka - 38x38 cm -  100% bawełna - 1-Miś Śpioch;3;16;0,259;4;1;11,6;ORDER
211348234;0;786073;AKUKU A0069 - Podkład poporodowy - SLIM;17;87;1,407;20;3;12,1;ORDER
481239411;0;5901691870130;CANPOL 34/920 - Smoczek silikonowy - (0+m) - SYMETRYCZNY - EXOTIC Koala;18;85;1,375;20;2;13,1;ORDER
211348835;0;TORBA05-L;PIKOWANA TORBA do szpitala z NIEDŹWIEDZIEM -  Rozmiar: L;13;58;0,938;14;1;13,9;ORDER
211348770;0;GAZ100-5;Chusteczki dezynfekcyjne nasączone alkoholem 70% - APTEO - (30 x 30 mm) - 4 szt.;43;190;3,073;44;1;14,0;ORDER
211347495;0;785537;AKUKU A0501 - Podkład jednorazowy 60x90 cm SENSITIVE  - (10 szt.);16;70;1,132;16;0;14,1;OK
211348307;0;5905012;CANPOL 78/007 - Dyskretne podpaski poporodowe - ze Skrzydełkami Day - (10 szt.);4;15;0,243;4;0;16,5;OK
548096367;548087959;5907644012411;AKUKU A1231(3,8) - RĘCZNIK kąpielowy - z kapturkiem - (80 x 80 cm) - Beige;13;48;0,776;11;0;16,7;OK
344923135;0;ROZEK8080;Rożek niemowlęcy - standard 80x80 cm - (na rzep) - bawełna 100% - SZARY W GWIAZDKI;6;20;0,323;5;0;18,5;OK
340114298;0;5905046;CANPOL 14/000 - Maść lanolinowa - do brodawek sutkowych - (7 g);8;26;0,420;6;0;19,0;OK
211348298;211348287;774004;CANPOL 73/001(2)  - Wielorazowe majtki poporodowe - SIATECZKOWE - (2szt.) - L/XL;4;13;0,210;3;0;19,0;OK
211347504;211347497;783217;AKUKU A0549(50, 51, 52) - Majtki jednorazowe poporodowe - (5 szt.) - L;39;119;1,925;27;0;20,3;OK
218604257;0;A0003;AKUKU A0003 - Płatki kosmetyczne dla niemowląt - ( 0m+ ) - 60szt.;1;3;0,049;1;0;20,6;OK
211348373;0;5905219;B.O.348/07 - Pieluszki - MUŚLINOWE - super miękkie;1;3;0,049;1;0;20,6;OK
344923144;0;RZCH8080;Rożek niemowlęcy - standard 80x80 cm - (na rzep) - bawełna 100%- DLA CHŁOPCA;1;3;0,049;1;0;20,6;OK
211348355;0;786735;AKUKU A0258 - Podkład Peva 55x70cm -  Sowy Szare;8;20;0,323;5;0;24,7;OK
442221156;0;MP362218;Organizer na pieluchy i akcesoria - PLECIONY- 3 przegrody, uchwyty;2;5;0,081;2;0;24,7;OK
211347489;0;790025;AKUKU A0030 - Nawilżany papier toaletowy - (50 szt.);7;16;0,259;4;0;27,1;OK
441386682;0;5912744;AKUKU A0683K - Kompres - ŻELOWY - do okolic intymnych;5;11;0,178;3;0;28,1;OK
442203238;0;ORG-MISH-1;Organizer na pieluchy i akcesoria - z misiem - (37,5 × 25 × 18 cm);5;11;0,178;3;0;28,1;OK
211348840;0;NACL5AMP;ROZTWÓR FIZJOLOGICZNY - INhalacja soli - 5 AMPUŁEK;89;194;3,137;44;0;28,4;OK
211347368;0;5907192;AKUKU A0573 - Szczotka do butelek Miś - (RÓŻOWA);29;63;1,019;15;0;28,5;OK
218659373;0;A0040;AKUKU A0040 - ZESTAW DO MANICURE;32;68;1,100;16;0;29,1;OK
211347364;0;783369;AKUKU A0031 - Jednorazowe chusteczki nawilżane wodą - (70 szt.);11;23;0,372;6;0;29,6;OK
218659382;0;PR-0003;FARA - Pielucha FLANELOWA   - JEDNOKOLOROWA - (70x80cm);12;25;0,404;6;0;29,7;OK
211348449;0;774008;..CANPOL 78/001 - Oddychające podkłady poporodowe NA NOC -  (10szt.);8;16;0,259;4;0;30,9;OK
211348404;0;5905224;B.O.397/09 - Naturalne pieluszki - z włókien bambusa - NATURAL BAMBOO;1;2;0,032;1;0;30,9;OK
211347470;0;760757;BAMBINO 83671 - Żel do mycia ciała i włosów - 2w1 - (400ml);2;4;0,065;1;0;30,9;OK
527620588;0;5903407363127;CANPOL 1/661 -  Ręczniki bambusowe dla niemowląt i dzieci (20x20cm) - 120szt.;3;6;0,097;2;0;30,9;OK
211347260;0;KIN000017;KINDII PURE KIN000017 - PATYCZKI dla niemowląt (60szt.);2;4;0,065;1;0;30,9;OK
211348516;211348497;TCB.5336.DEEP_BLUE.XL.01;Koszula do karmienia -( DEEP BLUE) - Doctor Nap - XL;1;2;0,032;1;0;30,9;OK
211348852;0;TORBA03;Torba do szpitala-03;1;2;0,032;1;0;30,9;OK
211348778;0;5902704992603;Jednorazowe nakładki na toaletę -  Biodegradowalne podkładki - (8 szt.);24;43;0,695;10;0;34,5;OK
211347399;0;5909557;CANPOL 1/658 - SUCHE CHUSTECZKI BAMBUSOWE dla niemowląt - (100 szt.);3;5;0,081;2;0;37,1;OK
211348311;0;5905013;CANPOL 78/008 - Dyskretne podpaski poporodowe - ze Skrzydełkami Night- (8 szt. );9;15;0,243;4;0;37,1;OK
402411534;0;A0684;AKUKU A0684 -  Butelka do podmywania - Peri - (350 ml);13;21;0,340;5;0;38,3;OK
220271652;0;WC-001;Nakładka sedesowa jednorazowa - 1 szt.;96;150;2,426;34;0;39,6;OK
211347299;0;783045;AKUKU A0015 - Zestaw pielęgnacyjny - Grey HOOLIGANS;2;3;0,049;1;0;41,2;OK
548096361;548087959;5907644012336;AKUKU A1231(3,8) - RĘCZNIK kąpielowy - z kapturkiem - (80 x 80 cm) - Różowy;2;3;0,049;1;0;41,2;OK
211348378;0;5905220;B.O.348/08-  Pieluszki - MUŚLINOWE - super miękkie;6;9;0,146;3;0;41,2;OK
211348268;0;777085;CANPOL 1/653 - Wkładki laktacyjne  - (30 szt.);4;6;0,097;2;0;41,2;OK
541258034;0;5901691890305;CANPOL 51/034 - TASIEMKA do smoczka (uspokajającego) - MOUNTAINS - yellow;2;3;0,049;1;0;41,2;OK
211347275;0;LI0018;LINOMAG - Żel do mycia ciała i głowy - dla dzieci i niemowląt - (200 ML);2;3;0,049;1;0;41,2;OK
557290008;557280802;59014214336355;Rożek niemowlęcy MUŚLINOWY - 75x75 cm - z kokardą - bawełna - MISIE jasne;2;3;0,049;1;0;41,2;OK
402411525;0;5901887032601;SZAMPON z keratyną  - Kozie Mleko - Ziaja - 400ml;11;16;0,259;4;0;42,5;OK
488354685;0;5907644005345;AKUKU A0534 - Kompresy żelowe na piersi - (2 szt);5;7;0,113;2;0;44,2;OK
415878915;0;5902814;CANPOL 34/920 - Smoczek silikonowy - SYMETRYCZNY - (0-6m) - Panda;35;48;0,776;11;0;45,1;OK
415878919;0;5908242;CANPOL 34/924 Smoczek uspokajający silikonowy - SYMETRYCZNY- (0-6 m) - Animals -(niebieski);33;43;0,695;10;0;47,5;OK
211348291;211348287;774006;CANPOL 73/001(2)  - Wielorazowe majtki poporodowe - SIATECZKOWE - (2szt.) - S/M;7;9;0,146;3;0;48,1;OK
211347508;211347497;783218;AKUKU A0549(50, 51, 52) - Majtki jednorazowe poporodowe - (5 szt.) - XL;15;18;0,291;5;0;51,5;OK
211348303;0;774005;CANPOL 73/003 - Wysokochłonne podkłady poporodowe - (10szt.);5;6;0,097;2;0;51,5;OK
527173978;527170972;KL-Brąz-39;Klapki damskie – Brązowy - 39;5;6;0,097;2;0;51,5;OK
211348745;211348728;TORBA-010-BLUE;Torba do szpitala-010 - Blue;40;48;0,776;11;0;51,5;OK
402411522;0;5901887032595;ODŻYWKA  z keratyną (kondycjonująca) - Kozie Mleko - Ziaja - (200 ml);13;15;0,243;4;0;53,6;OK
211347307;0;764252;AKUKU A0308 -  Zestaw manicure - NIEBIESKI;1;1;0,016;1;0;61,8;OK
211348239;0;768071;AKUKU A0369 - Podkłady poporodowe - (10szt.);1;1;0,016;1;0;61,8;OK
211347501;211347497;783216;AKUKU A0549(50, 51, 52) - Majtki jednorazowe poporodowe - (5 szt.) - M;12;12;0,194;3;0;61,8;OK
211348451;0;PR-000007;AVENT-ZESTAW:  Butelka dla niemowląt 125 ml + SMOCZEK uspokajający 0m+ (2 szt.);2;2;0,032;1;0;61,8;OK
211347371;0;767399;B.O.1450 - Butelka antykolkowa - (180ml) - Babyono - Natural Nursing;1;1;0,016;1;0;61,8;OK
211348391;0;5908609;B.O.348/12 - Pieluszki - MUŚLINOWE - super miękkie;2;2;0,032;1;0;61,8;OK
211347378;0;776627;B.O.398/03 - Zestaw do pielęgnacji paznokci - Dla dzieci i niemowląt - (SZARY) TAKE CARE;3;3;0,049;1;0;61,8;OK
211347463;0;12296;BAMBINO 83649 - Krem pielęgnacyjny z D-PANTENOLEM - 200ml;3;3;0,049;1;0;61,8;OK
211347323;0;BE0023;BELLA BABY HAPPY NEWBORN- pieluszki jednorazowe (1) -  2-5kg -  (42szt.);1;1;0,016;1;0;61,8;OK
484632644;0;1001000244;BIBS (1001000244) - Smoczek anatomiczny - (kauczuk) - (0+) - RÓŻOWY - 1 szt;1;1;0,016;1;0;61,8;OK
211347416;0;788856;CHICCO 00006569200000 - SZCZOTKA+GRZEBIEŃ - naturalne włosie -  NIEBIESKA;1;1;0,016;1;0;61,8;OK
211347419;0;788787;CHICCO 00081311300000 - Butelka NF - Plastikowa 0m+ (150 ml) NEUTRALNA;1;1;0,016;1;0;61,8;OK
211348786;211348782;KL-WHITE-36;Klapki damskie - biały - 36;1;1;0,016;1;0;61,8;OK
211348315;0;11130;LANSINOH - Lanolina HPA - krem na brodawki sutkowe - (40 ml);1;1;0,016;1;0;61,8;OK
517219911;0;5900558000239;LINOMAG - BALSAM - dla dzieci i niemowląt - (200Ml);2;2;0,032;1;0;61,8;OK
517219481;0;5900558000321;LINOMAG - KREM BOBO A+E - (50ML);1;1;0,016;1;0;61,8;OK
211347426;0;789385;LOVI 22/905 - SMOCZEK silikonowy dynamiczny 2 szt. - (0-3m) - Harmony Girl;1;1;0,016;1;0;61,8;OK
211347486;0;5908630;NIVEA BABY (80590) -  Oliwka pielęgnacyjna - (200 ml);1;1;0,016;1;0;61,8;OK
551388866;0;5901421433635;Rożek niemowlęcy MUŚLINOWY - 75x75 cm - z kokardą - bawełna;2;2;0,032;1;0;61,8;OK
211347351;0;SM0011;SKARB MATKI - Pielęgnacyjny Krem Ochronny - dla niemowląt i dzieci - 75ml;3;3;0,049;1;0;61,8;OK
211347354;0;001352;SKARB MATKI - Puder - dla niemowląt i dzieci - 120g;3;3;0,049;1;0;61,8;OK
211348846;0;TORBA01;Torba do szpitala-01;1;1;0,016;1;0;61,8;OK
548096364;548087959;5907644012381;AKUKU A1231(3,8) - RĘCZNIK kąpielowy - z kapturkiem - (80 x 80 cm) - Szary;7;6;0,097;2;0;72,1;OK
211348739;211348728;TORBA-010-PINK;Torba do szpitala-010 - Pink;73;61;0,987;14;0;74,0;OK
211348276;211348272;5908536;CANPOL 16/000(1) - Majtki dla kobiet w ciąży i po porodzie - (2 szt.) - S/M;6;5;0,081;2;0;74,2;OK
211347246;211347237;000646;HORIZON-MAJTKI POPORODOWE SIATKA (2 szt.) - 40-44;6;5;0,081;2;0;74,2;OK
211348862;0;ZIA1004;Ziaja - antyperspirant;6;5;0,081;2;0;74,2;OK
211347295;0;774007;..CANPOL 78/002 - Wielofunkcyjne  PODKŁADY HIGIENICZNE jednorazowe - 60x90 -  (10szt.) - z naklejką;5;4;0,065;1;0;77,3;OK
211347493;211347492;17138;AKUKU A0234(5) - Majtki siateczkowe wielorazowe - (2 szt) - L;7;5;0,081;2;0;86,6;OK
211348733;211348728;TORBA-010-NAVY;Torba do szpitala-010 - Navy;38;26;0,420;6;0;90,4;OK
211348386;0;5908608;B.O.348/11 - Pieluszki - MUŚLINOWE - super miękkie;3;2;0,032;1;0;92,7;OK
211348440;0;783184;B.O.599 - Podkłady poporodowe NIGHT & DAY - (10szt.);3;2;0,032;1;0;92,7;OK
488385807;0;95866;BAMBINO 3w1 - Chusteczki emolientowe hipoalergiczne - dla niemowląt dzieci - (57 szt.);3;2;0,032;1;0;92,7;OK
484634196;0;1001000250;BIBS (1001000250) - Smoczek anatomiczny - (kauczuk) - (0+) - SZAŁWIA - 1 szt;3;2;0,032;1;0;92,7;OK
211348800;211348782;KL-WHITE-39;Klapki damskie - biały - 39;6;4;0,065;1;0;92,7;OK
211347268;0;LI0003;LINOMAG - Krem z tlenkiem Cynku - (50 ML);3;2;0,032;1;0;92,7;OK
211348750;211348728;TOPBA-010-BURGUNDY;Torba do szpitala-010 - Burgundy;12;8;0,129;2;0;92,7;OK
211347405;0;5905014;CANPOL 78/006 - Wielofunkcyjne podklady higieniczne - (60x60 cm);5;3;0,049;1;0;103,1;OK
211347249;211347237;000673;HORIZON-MAJTKI POPORODOWE SIATKA (2 szt.) - 44-46;5;3;0,049;1;0;103,1;OK
441416044;0;MIS8888;Skarpetki niemowlęce - z misiami - (0-3 m);58;33;0,534;8;0;108,7;OK
481559354;0;1001000245;BIBS - Smoczek anatomiczny - (kauczuk) - (0+) - VANILLA - 1 szt;11;6;0,097;2;0;113,4;OK
211348774;0;GUM01;Gumki do włosów elastyczne (3 szt.);84;43;0,695;10;0;120,8;OK
211347490;0;5907675;AKUKU A0144 - Podkład higieniczny jednorazowy 60x90 cm -  proMED - (20 szt.);2;1;0,016;1;0;123,7;OK
539322644;0;167001;B.O. 1670/01 - SMOCZEK - anatomiczny - silikon - świecący - (0m+) - 2 szt. - brąz/beż;4;2;0,032;1;0;123,7;OK
555860308;211347533;5901435417249;B.O.1647/(1,2,3) - Kocyk  bawełniany - Dzianinynowy -  Beżowy;2;1;0,016;1;0;123,7;OK
555772806;555121210;5901435418062;B.O.1673 - Kocyk Bambusowy - Dzianina - Beżowy/03;2;1;0,016;1;0;123,7;OK
211347542;211347537;12840;B.O.500 - Jednorazowe Majtki poporodowe - 5 szt. - M;2;1;0,016;1;0;123,7;OK
527527943;0;5901691804746;CANPOL 2/417 - Szczotka + grzebień do włosów -(miękka) -  GOOSE;2;1;0,016;1;0;123,7;OK
481559339;0;5909780;CANPOL 2/424 - Szczotka + grzebień do włosów -(miękka) -  NIEBIESKA;2;1;0,016;1;0;123,7;OK
541189128;527557015;5901691887992;CANPOL 35/242(3) - BUTELKA antykolkowa - EasyStart MOUNTAINS BEIGE - (120ml / 240ml) - 120 ml (0+);2;1;0,016;1;0;123,7;OK
211348820;211348816;KL-PINK-37;Klapki damskie - Różowy - 37;4;2;0,032;1;0;123,7;OK
527173976;527170972;KL-Brąz-37;Klapki damskie – Brązowy - 37;6;3;0,049;1;0;123,7;OK
211347265;0;LAN052;LANSINOH - Butelka do karmienia - SZKLANA ze smoczkiem - (160ML);2;1;0,016;1;0;123,7;OK
481658589;0;710132050001;PIKOWANA TORBA do szpitala z haftem gałązek OLIWNYCH  - Rozmiar: L;6;3;0,049;1;0;123,7;OK
218659388;0;5911201;Rożek niemowlęcy - standard 75x75 cm -(MIMINU DESIGN Misie błękit) - bawełna 100%;2;1;0,016;1;0;123,7;OK
344448114;0;RZDG8080;Rożek niemowlęcy - standard 80x80 cm - (na rzep) - bawełna 100%- DLA DZIEWCZYNKI;4;2;0,032;1;0;123,7;OK
557290010;557280802;5901421433628;Rożek niemowlęcy MUŚLINOWY - 75x75 cm - z kokardą - bawełna - Zajączki;2;1;0,016;1;0;123,7;OK
508220258;0;ROZ023366;Rożek niemowlęcy Teddy - standard 80x80 cm - DWUSTRONNY - bawełna;2;1;0,016;1;0;123,7;OK
211347547;211347537;1740;B.O.500 - Jednorazowe Majtki poporodowe - 5 szt. - L;5;2;0,032;1;0;154,6;OK
230456218;0;TEC-A4;Teczka na dokumenty -  rozmiar A4 - (mix kolorów);80;32;0,518;8;0;154,6;OK
211347474;0;782708;CANPOL 3/115 - Bezpieczne patyczki dla niemowląt - (55 szt.);8;3;0,049;1;0;164,9;OK
561026324;561024488;PIEL-MUS-38X38-2-WAZKI;Pieluszka muślinowa - ulewajka - 38x38 cm -  100% bawełna - 2-Ważki;11;4;0,065;1;0;170,0;OK
585922087;585922056;TORBA-MANIY-SZARA;Torba do szpitala dla mamy M.A.N.I.Y z dolną komorą - Torba do szpitala dla mamy M.A.N.I.Y z dolną komorą - Kolor: Szary;11;4;0,065;1;0;170,0;OK
211348282;211348272;5908535;CANPOL 16/000(1) - Majtki dla kobiet w ciąży i po porodzie - (2 szt.) - L/XL;3;1;0,016;1;0;185,5;OK
211347230;0;CHI000073;CHICCO- CHUSTECZKI DO PIELĘGNACJI PIERSI 16SZT;3;1;0,016;1;0;185,5;OK
488404756;0;5911150;Chicco - TERMOMETR elektroniczny - DIGI BABY - (mix kolorów);3;1;0,016;1;0;185,5;OK
211347484;0;781194;MEDELA 101041323 - Purelan maść LANOLINOWA- (7g);3;1;0,016;1;0;185,5;OK
570232225;570226893;TB-MILK-BEAR-ONE;PIKOWANA TORBA dla mamy i niemowlęcia  – mleczna Z MOTYWEM MISIÓW - Naszywka misia;3;1;0,016;1;0;185,5;OK
561026326;561024488;PIEL-MUS-38X38-3-TEDDY;Pieluszka muślinowa - ulewajka - 38x38 cm -  100% bawełna - 3-Teddy;15;5;0,081;2;0;185,5;OK
211348849;211348847;TORBA02-B;Torba do szpitala-02 - Black;3;1;0,016;1;0;185,5;OK
211347494;211347492;17099;AKUKU A0234(5) - Majtki siateczkowe wielorazowe - (2 szt) - XL;7;2;0,032;1;0;216,4;OK
211348421;211348413;614;B.O.503  - Wielorazowe majtki - SIATECZKOWE -  2 szt. - L;4;1;0,016;1;0;247,3;OK
211347221;0;BAM000005;BAMBOOLOVE - PIELUSZKI JEDNORAZOWE - Rozmiar XS - (27szt) - (2-4kg);8;2;0,032;1;0;247,3;OK
554396299;554390053;BIBS-SZALWIA-11;BIBS - Smoczek - kauczuk - SZAŁWIA - 1 (0m+);4;1;0,016;1;0;247,3;OK
211347272;0;LI0002;LINOMAG - Puder dla dzieci i niemowląt - (100g);4;1;0,016;1;0;247,3;OK
218690222;0;PR-0022;Pieluszka tetrowa - BIAŁA -  (70X80) - 1 szt.;44;11;0,178;3;0;247,3;OK
211347253;0;KIN000020;KINDII (HAR02DZ040) - PURE WATER 99% - CHUSTECZKI Wodne 60 szt.;14;3;0,049;1;0;288,6;OK
211348352;0;10725;AKUKU A0254 - Podkład Peva 55x70 cm -  Sowy Różowo-Niebieskie;5;1;0,016;1;0;309,2;OK
402411520;0;5901435415375;B.O.721/03 - Szczotka do butelek i smoczków - z mini szczoteczką - SZARA;5;1;0,016;1;0;309,2;OK
211347337;0;BJN000002;BIAŁY JELEŃ Premium Hipoalergiczna emulsja do HIGIENY INTYMNEJ Z SZAŁWIĄ I OGÓRECZNIKIEM 265ml;5;1;0,016;1;0;309,2;OK
211347327;0;BE0024;Bella Baby Happy Papierowe Patyczki Higieniczne 56Szt;5;1;0,016;1;0;309,2;OK
211348856;0;KOS09;Zestaw plastikowych butelek na produkty higieniczne (9 szt.);5;1;0,016;1;0;309,2;OK
218659380;0;774185;CANPOL 22/565 - SMOCZEK anatomiczny silikon orthodontic -( 0m+) - beżowy;19;3;0,049;1;0;391,6;OK
211348823;211348816;KL-PINK-39;Klapki damskie - Różowy - 39;13;2;0,032;1;0;401,9;OK
211347437;0;5907082;AKUKU A0587 - Smoczek uspokajający 0-6m - RÓŻOWY;21;3;0,049;1;0;432,8;OK
573207746;0;5029053564876;Huggies Extra Care – PIELUSZKI JEDNORAZOWE -  Rozmiar 1 - (2–5 kg) - 26 szt.;7;1;0,016;1;0;432,8;OK
481684232;0;5906946;CANPOL 24/001  SMOCZEK silikonowy - SYMETRYCZNY USPAKAJAJĄCY -(0-6 m) - biały;8;1;0,016;1;0;494,7;OK
514073432;0;A0418;AKUKU A0418 - NOŻYCZKI - do paznokci;21;2;0,032;1;0;649,2;OK
211347451;0;7191;ATK (MINIANIA) - Pielucha FLANELOWA - kolor z nadrukiem - (70x80 cm);32;1;0,016;1;0;1978,7;OK
211348231;0;25129;..B.O.509 - Podkład do przewijania  60x90cm - (10 szt.);0;0;0,000;0;0;;OK
211348347;0;770669;..B.O.513 - Podkład do przewijania 40x60cm - (10szt.);2;0;0,000;0;0;;OK
590509929;590509928;5911362;4 Baby BOOST fotelik samochodowy 125-150 cm i-Size - dark green;0;0;0,000;0;0;;OK
590509930;590509928;5908244;4 Baby BOOST fotelik samochodowy 125-150 cm i-Size - graphite;0;0;0,000;0;0;;OK
590509931;590509928;5908245;4 Baby BOOST fotelik samochodowy 125-150 cm i-Size - grey;0;0;0,000;0;0;;OK
590515968;590515963;5905811;4 Baby Decco krzesełko do karmienia - camel;0;0;0,000;0;0;;OK
590515974;590515963;5905810;4 Baby Decco krzesełko do karmienia - czarny;0;0;0,000;0;0;;OK
590515980;590515963;764724;4 Baby Decco krzesełko do karmienia - zielony;0;0;0,000;0;0;;OK
590509933;590509932;5907247;4 Baby ENZO-FIX fotelik samochodowy 40-150 cm i-Size - black;0;0;0,000;0;0;;OK
590509934;590509932;5907248;4 Baby ENZO-FIX fotelik samochodowy 40-150 cm i-Size - dark green;0;0;0,000;0;0;;OK
590509948;0;5911414;4 Baby HI-FIX fotelik samochodowy 125-150 cm dark green i-Size;0;0;0,000;0;0;;OK
590515983;0;5907348;4 Baby Icon krzesełko do karmienia;0;0;0,000;0;0;;OK
590509936;590509935;5911423;4 Baby MATT-FIX fotelik samochodowy 40-150 cm i-Size - dark green;0;0;0,000;0;0;;OK
590509937;590509935;5911424;4 Baby MATT-FIX fotelik samochodowy 40-150 cm i-Size - graphite;0;0;0,000;0;0;;OK
590509938;590509935;5911425;4 Baby MATT-FIX fotelik samochodowy 40-150 cm i-Size - grey;0;0;0,000;0;0;;OK
590515984;0;786186;4 Baby Master 6w1 krzesełko do karmienia;0;0;0,000;0;0;;OK
590509949;0;780113;4 Baby NANO-FIX fotelik samochodowy 0-18 kg red;0;0;0,000;0;0;;OK
590509940;590509939;5913099;4 Baby NEO fotelik samochodowy 40-87 cm i-Size - black;0;0;0,000;0;0;;OK
590509941;590509939;5913098;4 Baby NEO fotelik samochodowy 40-87 cm i-Size - dark green;0;0;0,000;0;0;;OK
590509942;590509939;5913100;4 Baby NEO fotelik samochodowy 40-87 cm i-Size - graphite;0;0;0,000;0;0;;OK
590509944;590509943;5912550;4 Baby NERO fotelik samochodowy 100-150 cm i-Size - black;0;0;0,000;0;0;;OK
590509945;590509943;5912551;4 Baby NERO fotelik samochodowy 100-150 cm i-Size - dark green;0;0;0,000;0;0;;OK
590509946;590509943;5912553;4 Baby NERO fotelik samochodowy 100-150 cm i-Size - graphite;0;0;0,000;0;0;;OK
590509947;590509943;5912554;4 Baby NERO fotelik samochodowy 100-150 cm i-Size - mokka;0;0;0,000;0;0;;OK
590509950;0;5907840;4 Baby ROTO-FIX fotelik samochodowy 40-150 cm black i-Size;0;0;0,000;0;0;;OK
590513354;590513353;5909632;4 Baby Rapid XXIV wózek spacerowy - czarny;0;0;0,000;0;0;;OK
590513355;590513353;5908285;4 Baby Rapid XXIV wózek spacerowy - grafitowy;0;0;0,000;0;0;;OK
590513357;590513353;5908489;4 Baby Rapid XXIV wózek spacerowy - khaki;0;0;0,000;0;0;;OK
590513368;590513353;5908490;4 Baby Rapid XXIV wózek spacerowy - mokka;0;0;0,000;0;0;;OK
590513378;590513376;5902703;4 Baby Stinger PRO wózek spacerowy - czarny;0;0;0,000;0;0;;OK
590513379;590513376;5902707;4 Baby Stinger PRO wózek spacerowy - melange jasnoszary;0;0;0,000;0;0;;OK
590513380;590513376;5907734;4 Baby Stinger PRO wózek spacerowy - oliwkowy;0;0;0,000;0;0;;OK
590513381;0;5902709;4 Baby Stinger XXIII wózek spacerowy;0;0;0,000;0;0;;OK
590513384;590513382;5908153;4 Baby Stinger XXIV wózek spacerowy - khaki;0;0;0,000;0;0;;OK
590513385;590513382;5902712;4 Baby Stinger XXIV wózek spacerowy - melange jasnoszary;0;0;0,000;0;0;;OK
590513386;590513382;5908155;4 Baby Stinger XXIV wózek spacerowy - oliwkowy;0;0;0,000;0;0;;OK
590513383;590513382;5902710;4 Baby Stinger XXIV wózek spacerowy - zielony;0;0;0,000;0;0;;OK
590513388;590513387;5908770;4 Baby Twizzy XXIII wózek spacerowy - grafitowy;0;0;0,000;0;0;;OK
590513390;590513387;5908768;4 Baby Twizzy XXIII wózek spacerowy - oliwkowy;0;0;0,000;0;0;;OK
590513389;590513387;5908766;4 Baby Twizzy XXIII wózek spacerowy - szary;0;0;0,000;0;0;;OK
590509951;0;5908249;4 Baby VEL-FIX fotelik samochodowy 40-150 cm black i-Size;0;0;0,000;0;0;;OK
590794640;0;778303;AKUKU A0055 - Gryzak silikonowy Panda;0;0;0,000;0;0;;OK
590794648;590794647;782872;AKUKU A0114(15) - Gryzak silikonowy Ślimak - niebieski;0;0;0,000;0;0;;OK
590794658;590794647;782873;AKUKU A0114(15) - Gryzak silikonowy Ślimak - różowy;0;0;0,000;0;0;;OK
211347491;0;5902895;AKUKU A0160 - Wkładki laktacyjne DAILY -  (60 szt.);2;0;0,000;0;0;;OK
488435470;211347492;0233;AKUKU A0234(5) - Majtki siateczkowe wielorazowe - (2 szt) - M;9;0;0,000;0;0;;OK
488435473;211347492;0236;AKUKU A0234(5) - Majtki siateczkowe wielorazowe - (2 szt) - XXL;5;0;0,000;0;0;;OK
402411530;0;A0306;AKUKU A0306 - Laktator ręczny;1;0;0,000;0;0;;OK
211348361;0;766240;AKUKU A0354 - Wkładki laktacyjne - Ultracienkie - (30 szt.);2;0;0,000;0;0;;OK
590794641;0;765856;AKUKU A0355 - Gryzak wodny Serce;0;0;0,000;0;0;;OK
590794642;0;773847;AKUKU A0356 - Gryzak wodny Ster;0;0;0,000;0;0;;OK
590794643;0;765858;AKUKU A0357 - Gryzak wodny Słonik;0;0;0,000;0;0;;OK
590794644;0;773848;AKUKU A0358 - Gryzak wodny Żyrafa;0;0;0,000;0;0;;OK
590794659;0;767731;AKUKU A0362 - Zabawki kąpielowe 4szt.;0;0;0,000;0;0;;OK
590794660;0;767732;AKUKU A0363 - Zabawki kąpielowe 5szt.;0;0;0,000;0;0;;OK
211347310;0;770704;AKUKU A0395 - Termometr do kąpieli - Rybka Rico;2;0;0,000;0;0;;OK
402411532;0;A0399;AKUKU A0399 - Kolektor na mleko - (ręczny);1;0;0,000;0;0;;OK
590794645;0;774732;AKUKU A0413 - Grzechotko gryzak;0;0;0,000;0;0;;OK
590794661;0;780926;AKUKU A0449 - Grzechotka Lew;0;0;0,000;0;0;;OK
590794662;0;780927;AKUKU A0450 - Grzechotka Słoń;0;0;0,000;0;0;;OK
402411517;0;778107;AKUKU A0458 -  Zestaw manicure - różowy;1;0;0,000;0;0;;OK
590794646;0;787885;AKUKU A0460 - Gryzak silikonowy Miś;0;0;0,000;0;0;;OK
590794663;0;783769;AKUKU A0467 - Grzechotka czarno-biały Miś;0;0;0,000;0;0;;OK
590794664;0;783771;AKUKU A0470 - Pluszowa zawieszka Miś czarno-biały;0;0;0,000;0;0;;OK
590794665;0;5902728;AKUKU A0482 - Grzechotka pluszowa HANTEL;0;0;0,000;0;0;;OK
590794666;0;5902729;AKUKU A0483 - Grzechotka pluszowa Maracas;0;0;0,000;0;0;;OK
211347313;0;786379;AKUKU A0495 - Termometr do kąpieli - biała OWCA;7;0;0,000;0;0;;OK
590852439;590852437;A0517;AKUKU A0517(18) - Śliniak z rękawkiem - Borsuk;0;0;0,000;0;0;;OK
590852442;590852437;A0518;AKUKU A0517(18) - Śliniak z rękawkiem - Misio;0;0;0,000;0;0;;OK
211347317;0;5907191;AKUKU A0572 - Szczotka do butelek MIś - (NIEBIESKA);0;0;0,000;0;0;;OK
211347433;0;5907081;AKUKU A0586 - Smoczek uspokajający 0-6m - NIEBIESKI;4;0;0,000;0;0;;OK
548119370;0;5907644006649;AKUKU A0664 - RĘCZNIK kąpielowy z kapturkiem - frotte - (100 x 100 cm);1;0;0,000;0;0;;OK
590794667;0;5911655;AKUKU A0679 - Grzechotka Krówka;0;0;0,000;0;0;;OK
590794670;590794668;5911657;AKUKU A0680(81) - Grzechotka Klucze - ciemne;0;0;0,000;0;0;;OK
590794669;590794668;5911656;AKUKU A0680(81) - Grzechotka Klucze - jasne;0;0;0,000;0;0;;OK
590852448;590852445;A1300;AKUKU A1300(20) - Śliniak na rzep - mały;0;0;0,000;0;0;;OK
590852450;590852445;A1320;AKUKU A1300(20) - Śliniak na rzep - średni;0;0;0,000;0;0;;OK
590852459;590852453;A1513;AKUKU A1512(13) - Śliniak apaszka na rzep - Jeżyki;0;0;0,000;0;0;;OK
590852457;590852453;A1512;AKUKU A1512(13) - Śliniak apaszka na rzep - Serduszka;0;0;0,000;0;0;;OK
590852467;590852462;A1640;AKUKU A1600(40) - Śliniak wiązany - mały;0;0;0,000;0;0;;OK
590852465;590852462;A1600;AKUKU A1600(40) - Śliniak wiązany - mini;0;0;0,000;0;0;;OK
590852470;590852468;A1663;AKUKU A1662(63, 64, 65, 66) - Śliniak wiązany z nadrukiem - Autka;0;0;0,000;0;0;;OK
590852472;590852468;A1665;AKUKU A1662(63, 64, 65, 66) - Śliniak wiązany z nadrukiem - Gwiazdki;0;0;0,000;0;0;;OK
590852471;590852468;A1664;AKUKU A1662(63, 64, 65, 66) - Śliniak wiązany z nadrukiem - Jeżyki;0;0;0,000;0;0;;OK
590852473;590852468;A1666;AKUKU A1662(63, 64, 65, 66) - Śliniak wiązany z nadrukiem - Koty;0;0;0,000;0;0;;OK
590852469;590852468;A1662;AKUKU A1662(63, 64, 65, 66) - Śliniak wiązany z nadrukiem - Sowy;0;0;0,000;0;0;;OK
590852474;0;A1744;AKUKU A1744 - Śliniak rękawek okulary;0;0;0,000;0;0;;OK
555913048;0;5907001941057;ALBERO MIO C015 - RĘCZNIK kąpielowy - z kapturkiem - (100 x 100 cm);1;0;0,000;0;0;;OK
211347440;0;787224;ARDO - Krem przeciw rozstępom;1;0;0,000;0;0;;OK
211347445;0;782010;ARDO CARE - Lanolina 10ml;1;0;0,000;0;0;;OK
211347455;0;5906235;AVENT SCF091/05 - Smoczek Ultra Soft - (0-6m) - beż/zieleń;1;0;0,000;0;0;;OK
211347519;211347514;777931;AVENT SCF153/01-03 - Osłonki na piersi - MAŁE;1;0;0,000;0;0;;OK
211347523;211347514;778127-S;AVENT SCF153/01-03 - Osłonki na piersi - ŚREDNIE;1;0;0,000;0;0;;OK
211347458;0;771532;AVENT SCF254/24 - Wkładki jednorazowe - (24 szt.);3;0;0,000;0;0;;OK
441386675;0;5901435416495;B.O. 1576 - Edukacyjna mata piankowa XPE - (150x200cm);1;0;0,000;0;0;;OK
481559350;0;5904341200868;B.O.066 - Bezpieczne nożyczki - TAKE CARE;1;0;0,000;0;0;;OK
211348247;0;5908859;B.O.1552/02 - Okrycie kąpielowe frotte z kapturkiem (100x100cm) - 100% Bawełna - (niebieskie);0;0;0,000;0;0;;OK
570394543;211348252;5901435418024;B.O.1553 - Okrycie kąpielowe z kapturkiem - Bambusowe -  100x100cm - ciemny beż/06;0;0;0,000;0;0;;OK
570394540;211348252;5901435418017;B.O.1553 - Okrycie kąpielowe z kapturkiem - Bambusowe -  100x100cm - jasny beż/05;1;0;0,000;0;0;;OK
570394544;211348252;5901435418031;B.O.1553 - Okrycie kąpielowe z kapturkiem - Bambusowe -  100x100cm - kremowe/07;0;0;0,000;0;0;;OK
570394538;211348252;5901435418000;B.O.1553 - Okrycie kąpielowe z kapturkiem - Bambusowe -  100x100cm - różowy/04;1;0;0,000;0;0;;OK
555860305;211347533;5901435417232;B.O.1647/(1,2,3) - Kocyk  bawełniany - Dzianinynowy -  Szary;1;0;0,000;0;0;;OK
555860306;211347533;5901435417225;B.O.1647/(1,2,3) - Kocyk  bawełniany - Dzianinynowy - Różowy;2;0;0,000;0;0;;OK
570372399;555121210;5901435418055;B.O.1673 - Kocyk Bambusowy - Dzianina - Jasny beż/02;1;0;0,000;0;0;;OK
538554689;0;167301;B.O.1673/01 - Kocyk Bambusowy - Dzianina  - (Różowy);1;0;0,000;0;0;;OK
211348365;0;5907986;B.O.297/01 - Wkładki laktacyjne NIGHT & DAY - (40 szt.);5;0;0,000;0;0;;OK
211348260;0;769621;B.O.298/01 - Wkładki laktacyjne NATURAL NURSING - (24 szt.) -  białe;2;0;0,000;0;0;;OK
211348370;0;770161;B.O.348/01 - Pieluszki - MUŚLINOWE - (3 szt.)- szary- TAKE CARE;3;0;0,000;0;0;;OK
211348383;0;5908607;B.O.348/10 - Pieluszki - MUŚLINOWE - super miękkie;1;0;0,000;0;0;;OK
211348395;0;776831;B.O.397/04 -Naturalne pieluszki - z włókien BAMBUSA organicznego - (miętowe) TAKE CARE;2;0;0,000;0;0;;OK
211348401;0;5905223;B.O.397/08  - Naturalne pieluszki - z włókien bambusa - NATURAL BAMBOO;0;0;0,000;0;0;;OK
211348409;0;5908612;B.O.397/12 - Naturalne pieluszki - z włókien bambusa - NATURAL BAMBOO;2;0;0,000;0;0;;OK
211347552;211347537;616;B.O.500 - Jednorazowe Majtki poporodowe - 5 szt. - XL;2;0;0,000;0;0;;OK
211348416;211348413;1739;B.O.503  - Wielorazowe majtki - SIATECZKOWE -  2 szt. - M;5;0;0,000;0;0;;OK
211348427;211348413;615;B.O.503  - Wielorazowe majtki - SIATECZKOWE -  2 szt. - XL;5;0;0,000;0;0;;OK
211348432;211348413;887;B.O.503  - Wielorazowe majtki - SIATECZKOWE -  2 szt. - XXL;5;0;0,000;0;0;;OK
211347382;0;779794;B.O.568/03 - Szczotka i grzebień do włosów - Naturalne super miękkie włosie - (SZARA) TAKE CARE;2;0;0,000;0;0;;OK
481559344;0;779795;B.O.568/04 - Szczotka i grzebień do włosów - Naturalne super miękkie włosie - (RÓŻOWA ) TAKE CARE;2;0;0,000;0;0;;OK
555150605;488370474;5901435415320;B.O.585/11 - Biustonosz do karmienia -  biały - B75-80;1;0;0,000;0;0;;OK
555150606;488370474;5901435415153;B.O.585/11 - Biustonosz do karmienia -  biały - D70-75;1;0;0,000;0;0;;OK
211347566;211347557;5906729;B.O.585/30 - Biustonosz do karmienia - NEUTRALNY - C 75-80;1;0;0,000;0;0;;OK
211347572;211347557;5906745;B.O.585/30 - Biustonosz do karmienia - NEUTRALNY - C 80-85;1;0;0,000;0;0;;OK
211347576;211347557;5906732;B.O.585/30 - Biustonosz do karmienia - NEUTRALNY - D 70-75;0;0;0,000;0;0;;OK
211347582;211347557;5906731;B.O.585/30 - Biustonosz do karmienia - NEUTRALNY - E 80-85;1;0;0,000;0;0;;OK
211347587;211347557;5906739;B.O.585/30 - Biustonosz do karmienia - NEUTRALNY - F 80-85;1;0;0,000;0;0;;OK
211348436;0;783183;B.O.597 - Podkłady poporodowe  COMFORT - (10 szt.);5;0;0,000;0;0;;OK
441386672;0;773984;B.O.777/03 - Termometr do wody - TAKE CARE - różowy;0;0;0,000;0;0;;OK
211347601;211347591;782577-M;B.O.823 - Silikonowe osłonki na piersi NATURAL NURSING - M;2;0;0,000;0;0;;OK
211347597;211347591;782577-S;B.O.823 - Silikonowe osłonki na piersi NATURAL NURSING - S;1;0;0,000;0;0;;OK
211347466;0;2649;BAMBINO 83660 - Chusteczki dla niemowląt  FOLIA - (63szt.);0;0;0,000;0;0;;OK
211347320;0;BAM000006;BAMBOOLOVE - Chusteczki nawilżane - Bambusowe - (60 szt.);2;0;0,000;0;0;;OK
211347217;0;BAM000002;BAMBOOLOVE - PIELUSZKI JEDNORAZOWE - Rozmiar M - (24 szt.) - (6-11kg);3;0;0,000;0;0;;OK
211347389;0;21355;BELLA HAPPY - Patyczki papierowe higieniczne - (64 szt.);0;0;0,000;0;0;;OK
211347330;0;BE0007;BELLA HAPPY 0 BEFORE NEWBORN -  Pieluszki dla wcześniaków  do 2 kg - (46 szt.);2;0;0,000;0;0;;OK
211347333;0;BJN000053;BIAŁY JELEŃ hipoalergiczna emulsja do HIGIENY INTYMNEJ KOZIE MLEKO 265ml;3;0;0,000;0;0;;OK
484634708;0;160336;BIBS  Supreme (160336) - Smoczek uspokajający - (SILIKON) - (0+) - Vanilla /Dark Oak - 2 szt;2;0;0,000;0;0;;OK
484633285;0;1001000231;BIBS (1001000231) - Smoczek anatomiczny - (kauczuk) - (0+) - BABY BLUE - 1 szt;4;0;0,000;0;0;;OK
484635243;0;50171216;BIBS (50171216) - BUTELKA - (SILIKON) - ŚREDNI PRZEPŁYW - (270 ML) - KOŚĆ SŁONIOWA;1;0;0,000;0;0;;OK
481609518;0;1001000216;BIBS - Smoczek anatomiczny - (kauczuk) - (0+) - IVORY - 1 szt;10;0;0,000;0;0;;OK
484645874;0;2101000267;BIBS BOHEME(2101000267) - Smoczek uspokajający (kauczuk) - (0+) - FIOLET - 1 szt;1;0;0,000;0;0;;OK
561043739;561042031;BIBS-LIBERTY-ROZ-1;BIBS LIBERTY - Smoczek uspokajający - (2-pak) -  latex - Różowy - 1 (0m+);0;0;0,000;0;0;;OK
561045943;561042031;BIBS-LIBERTY-ROZ-2;BIBS LIBERTY - Smoczek uspokajający - (2-pak) -  latex - Różowy - 2 (6m+);0;0;0,000;0;0;;OK
561045947;561042031;BIBS-LIBERTY-ROZ-3;BIBS LIBERTY - Smoczek uspokajający - (2-pak) -  latex - Różowy - 3 (18m+);0;0;0,000;0;0;;OK
561107697;561102178;BIBS-STUDIO-BABYBLUE-DUSTYBLUE-1;BIBS STUDIO - Smoczek uspokajający - (2-pak) - latex - baby blue / dusty blue - 1 (0m+);0;0;0,000;0;0;;OK
561107699;561102178;BIBS-STUDIO-BABYBLUE-DUSTYBLUE-2;BIBS STUDIO - Smoczek uspokajający - (2-pak) - latex - baby blue / dusty blue - 2 (6m+);0;0;0,000;0;0;;OK
590505163;0;5910165;BabyOno 1575 Termometr elektroniczny bezdotykowy;0;0;0,000;0;0;;OK
590505168;0;5914274;BabyOno 1901 Termometr elektroniczny z elastyczną końcówką DMT-4336;0;0;0,000;0;0;;OK
211348465;211348457;BRA.4160.DARK_GREY.L.01;Biustonosz sportowy do karmienia DOCTOR NAP - L;1;0;0,000;0;0;;OK
211348462;211348457;BRA.4160.DARK_GREY.M.01;Biustonosz sportowy do karmienia DOCTOR NAP - M;0;0;0,000;0;0;;OK
211348459;211348457;BRA.4160.DARK_GREY.S.01;Biustonosz sportowy do karmienia DOCTOR NAP - S;2;0;0,000;0;0;;OK
211348467;211348457;BRA.4160.DARK_GREY.XL.01;Biustonosz sportowy do karmienia DOCTOR NAP - XL;1;0;0,000;0;0;;OK
211347223;0;BOC000123;Bocioland - PODKŁAD JENORAZOWY - 60X90cm - (10szt);1;0;0,000;0;0;;OK
211347392;0;5903649;CANPOL 0310 - Zestaw startowy - BUTELKA 120ML+SMOCZEK -  (mini GIRL) mix;0;0;0,000;0;0;;OK
211347395;0;5904967;CANPOL 0312MIX - Zestaw startowy - BUTELKA 120ML+SMOCZEK -  (mini BOY) mix;0;0;0,000;0;0;;OK
441386690;0;780259;CANPOL 1/500 - Ekologiczny PŁYN do mycia smoczków i butelek - (500 ml);1;0;0,000;0;0;;OK
402411536;0;5903837;CANPOL 12/216 - Laktator - RĘCZNY - Basic light;2;0;0,000;0;0;;OK
590496900;0;777893;CANPOL 13/107 - Grzechotka z gryzaczkiem;0;0;0,000;0;0;;OK
590503464;590503458;5909898;CANPOL 2/083 - Miękka książeczka kąpielowa z piszczkiem - Farma;0;0;0,000;0;0;;OK
590503472;590503458;5909899;CANPOL 2/083 - Miękka książeczka kąpielowa z piszczkiem - Wild Animals;0;0;0,000;0;0;;OK
590503522;0;774263;CANPOL 2/187 - Grzechotka Sowa zielony;0;0;0,000;0;0;;OK
481559337;0;5901691854857;CANPOL 2/424 - Szczotka + grzebień do włosów -(miękka) -  BIAŁA;2;0;0,000;0;0;;OK
481559342;0;5909781;CANPOL 2/424 - Szczotka + grzebień do włosów -(miękka) -  RÓŻOWA;2;0;0,000;0;0;;OK
590503523;0;774265;CANPOL 2/450 - Grzechotka kolorowe kulki;0;0;0,000;0;0;;OK
590503524;0;5911122;CANPOL 2/457 - Grzechotka z tykającą kulką kulki czerwone;0;0;0,000;0;0;;OK
590503489;590503478;774433;CANPOL 2/606 - Grzechotka Sztanga - niebieska;0;0;0,000;0;0;;OK
590503495;590503478;774434;CANPOL 2/606 - Grzechotka Sztanga - różowa;0;0;0,000;0;0;;OK
590503483;590503478;776063;CANPOL 2/606 - Grzechotka Sztanga - zielona;0;0;0,000;0;0;;OK
481559352;0;5903407027821;CANPOL 2/782 - Termometr kąpielowy -  DELFIN - NIEBIESKI;3;0;0,000;0;0;;OK
590503525;0;774298;CANPOL 2/817 - Kostka edukacyjna miękka 6szt;0;0;0,000;0;0;;OK
590503526;0;774277;CANPOL 2/890 - Miękka zabawka z grzechotką Piłka;0;0;0,000;0;0;;OK
590503527;0;774278;CANPOL 2/891 - Miękka zabawka z grzechotką Młotek;0;0;0,000;0;0;;OK
590503503;590503501;5909901;CANPOL 2/992 - Zabawki piszczące kaczuszki - Hokeista red;0;0;0,000;0;0;;OK
590503504;590503501;5909900;CANPOL 2/992 - Zabawki piszczące kaczuszki - Magik black;0;0;0,000;0;0;;OK
590503506;590503501;5909902;CANPOL 2/992 - Zabawki piszczące kaczuszki - Malarz blue;0;0;0,000;0;0;;OK
340114302;0;776115;CANPOL 22/562 - SMOCZEK  - silikon orthodontic- OKRĄGŁY -( 0m+)  -Niebieski;4;0;0,000;0;0;;OK
441386678;0;5912919;CANPOL 22/581 - Smoczek silikonowy - (6-18m) - SYMETRYCZNY - beżowy;9;0;0,000;0;0;;OK
539354874;527506204;5901691899483;CANPOL 22/667(8) - SMOCZEK  - silikon orthodontic - SYMETRYCZNY - GOOSE - 2 szt. - 0-6 m;2;0;0,000;0;0;;OK
539354876;527506204;22668;CANPOL 22/667(8) - SMOCZEK  - silikon orthodontic - SYMETRYCZNY - GOOSE - 2 szt. - 6-18 m;1;0;0,000;0;0;;OK
555895523;0;5901691851177;CANPOL 23/910 - SMOCZEK - SYMETRYCZNY - ( 0-2 m Mini) - 2szt.;2;0;0,000;0;0;;OK
211347605;0;789902;CANPOL 26/901 - Pieluszki MUŚLINOWE - 70x70cm - (2 szt.)  - Bonjour Paris blue;1;0;0,000;0;0;;OK
211347611;0;790376;CANPOL 26/901 - Pieluszki MUŚLINOWE - 70x70cm - (2 szt.)  -Bonjour Paris pink;1;0;0,000;0;0;;OK
211347340;0;5902812;CANPOL 34/920 - Smoczek silikonowy - (0-6m) - symetryczny EXOTIC Lama;1;0;0,000;0;0;;OK
441386669;0;5902815;CANPOL 34/922 - Smoczek silikonowy - (18+m) - SYMETRYCZNY - EXOTIC Koala;10;0;0,000;0;0;;OK
591138039;591138026;5907909;CANPOL 34/927(8) - Smoczek uspokajający silikonowy symetryczny BabiesBoo - pomarańczowy - (2 szt.) - 0-6 miesięcy;2;0;0,000;0;0;;OK
591138047;591138026;5907913;CANPOL 34/927(8) - Smoczek uspokajający silikonowy symetryczny BabiesBoo - pomarańczowy - (2 szt.) - 6-18 miesięcy;0;0;0,000;0;0;;OK
541213100;527590394;5910090;CANPOL 34/930(1) - SMOCZEK  - silikon orthodontic - SYMETRYCZNY - ( 0-6m, 6-18m) - MOUNTAINS żółte- 2 szt. - 6-18m;1;0;0,000;0;0;;OK
541313644;541310124;5901691888005;CANPOL 35/242(3) - BUTELKA antykolkowa - EasyStart MOUNTAINS - GREEN - (120ml / 240ml) - 120 ml (0+);2;0;0,000;0;0;;OK
541313649;541310124;5901691888029;CANPOL 35/242(3) - BUTELKA antykolkowa - EasyStart MOUNTAINS - GREEN - (120ml / 240ml) - 240 ml (3+);0;0;0,000;0;0;;OK
541189131;527557015;5901691888012;CANPOL 35/242(3) - BUTELKA antykolkowa - EasyStart MOUNTAINS BEIGE - (120ml / 240ml) - 240 ml (3+);1;0;0,000;0;0;;OK
527475473;0;5903407176499;CANPOL 35/245 - Butelka antykolkowa ze smoczkiem + pojemnik na mleko - (240 ml) - Goose - 3m+;1;0;0,000;0;0;;OK
591220282;0;774003;CANPOL 5/119 - Aspirator do nosa - wyrób medyczny;0;0;0,000;0;0;;OK
590503414;0;780511;CANPOL 56/127 - Grzechotka z gryzakiem wodnym Lizak;0;0;0,000;0;0;;OK
590503528;0;776013;CANPOL 56/145 - Grzechotka z kolorowymi koralikami;0;0;0,000;0;0;;OK
590503420;0;775151;CANPOL 56/146 - Grzechotka z gryzakiem wodnym Zwierzątka;0;0;0,000;0;0;;OK
590503508;590503507;779906;CANPOL 56/153 - Grzechotka z obrotowym elementem Sztanga - róż;0;0;0,000;0;0;;OK
590503509;590503507;779907;CANPOL 56/153 - Grzechotka z obrotowym elementem Sztanga - turkus;0;0;0,000;0;0;;OK
590503529;0;780503;CANPOL 56/498 - Zabawki do kąpieli 3 szt Kaczki;0;0;0,000;0;0;;OK
590503396;590503392;788671;CANPOL 56/610 - Sensoryczna grzechotka z gryzakiem - czerwona;0;0;0,000;0;0;;OK
590503400;590503392;788672;CANPOL 56/610 - Sensoryczna grzechotka z gryzakiem - różowa;0;0;0,000;0;0;;OK
590503405;590503392;788673;CANPOL 56/610 - Sensoryczna grzechotka z gryzakiem - zielona;0;0;0,000;0;0;;OK
590503530;0;774279;CANPOL 68/053 - Pluszowa zabawka z pozytywką 0+ Bears szara;0;0;0,000;0;0;;OK
590503511;590503510;5912939;CANPOL 68/061 - Pluszowa zabawka z grzechotką i lusterkiem DŁUGIE USZY - niebieska;0;0;0,000;0;0;;OK
590503512;590503510;5912940;CANPOL 68/061 - Pluszowa zabawka z grzechotką i lusterkiem DŁUGIE USZY - różowa;0;0;0,000;0;0;;OK
590503514;590503513;776188;CANPOL 68/063 - Interaktywna spirala do łóżeczka/wózka ZIGZAG - czerwona;0;0;0,000;0;0;;OK
590503515;590503513;776187;CANPOL 68/063 - Interaktywna spirala do łóżeczka/wózka ZIGZAG - niebieska;0;0;0,000;0;0;;OK
590503531;0;778017;CANPOL 68/077 - Pluszowa sensoryczna mata do zabawy Sensory Toys;0;0;0,000;0;0;;OK
590503532;0;778840;CANPOL 68/080 - Zabawka kontrastowa z piszczkiem i lusterkiem SENSORY TOYS;0;0;0,000;0;0;;OK
590503533;0;778838;CANPOL 68/081 - Pluszowa kontrastowa książeczka edukacyjna SENSORY TOYS;0;0;0,000;0;0;;OK
590503534;0;778839;CANPOL 68/082 - Pluszowa piłka kontrastowa SENSORY TOYS;0;0;0,000;0;0;;OK
590503535;0;778837;CANPOL 68/083 - Kontrastowa karuzelka podróżna do wózka/fotelika SENSORY;0;0;0,000;0;0;;OK
590503536;0;778836;CANPOL 68/084 - Kontrastowa karuzela z pozytywką SENSORY TOYS;0;0;0,000;0;0;;OK
590503537;0;791344;CANPOL 68/085 - Sensoryczna zawieszka do wózka BabiesBoo;0;0;0,000;0;0;;OK
590503425;0;791345;CANPOL 68/086 - Sensoryczna zabawka z gryzakiem i grzechotką BabiesBoo;0;0;0,000;0;0;;OK
590503538;0;791347;CANPOL 68/088 - Sensoryczna książeczka manipulacyjna BabiesBoo Panda;0;0;0,000;0;0;;OK
590503539;0;791346;CANPOL 68/089 - Sensoryczna piłka z grzechotką i piszczkiem BabiesBoo;0;0;0,000;0;0;;OK
590503540;0;791342;CANPOL 68/090 - Interaktywna sensoryczna zabawka BabiesBoo Leniwiec;0;0;0,000;0;0;;OK
590503541;0;791341;CANPOL 68/091 - Sensoryczna karuzela podróżna BabiesBoo;0;0;0,000;0;0;;OK
590503542;0;791339;CANPOL 68/092 - Sensoryczna mata edukacyjna z lusterkiem BabiesBoo;0;0;0,000;0;0;;OK
590503543;0;791340;CANPOL 68/093 - Sensoryczna karuzela z pozytywką/Bluetooth BabiesBoo;0;0;0,000;0;0;;OK
590503517;590503516;5910715;CANPOL 68/095 - Zabawka sensoryczna z piszczkiem BabiesBoo - leniwiec;0;0;0,000;0;0;;OK
590503518;590503516;5910716;CANPOL 68/095 - Zabawka sensoryczna z piszczkiem BabiesBoo - panda;0;0;0,000;0;0;;OK
590503431;0;5910717;CANPOL 68/096 - Miękkie kontrastowe karty sensoryczne z gryzak BabiesBoo;0;0;0,000;0;0;;OK
590503544;0;5910718;CANPOL 68/097 - Sensoryczna miękka książeczka edukacyjna BabiesBoo;0;0;0,000;0;0;;OK
590503545;0;5910719;CANPOL 68/098 - Miękka konstastowa kostka sensoryczna BabiesBoo;0;0;0,000;0;0;;OK
590503546;0;5910720;CANPOL 68/099 - Lusterko sensoryczne z elem.interaktywnymi BabiesBoo;0;0;0,000;0;0;;OK
590503547;0;5911947;CANPOL 68/100 - Leniwiec z pozytywką i projektorem 3w1 BabiesBoo;0;0;0,000;0;0;;OK
590503548;0;5911949;CANPOL 68/101 - Pluszowa Panda z zawieszką pozytywką i lampką BabiesBoo;0;0;0,000;0;0;;OK
211347402;0;774237;CANPOL 7/406 - Szczotka z grzebykiem Newborn -  miękka naturalna BIAŁA;0;0;0,000;0;0;;OK
590503549;0;5908157;CANPOL 75/200 - Mata edukacyjna FOX;0;0;0,000;0;0;;OK
590503551;0;5908156;CANPOL 75/201 - Karuzela z pozytywką nad łóżeczko FOX;0;0;0,000;0;0;;OK
590503556;0;5908158;CANPOL 75/202 - Pluszowa książeczka edukacyjna FOX;0;0;0,000;0;0;;OK
590503520;590503519;774971;CANPOL 79/101 - Interaktywna zabawka z grzechotką MIŚ - czerwony;0;0;0,000;0;0;;OK
590503521;590503519;5912648;CANPOL 79/101 - Interaktywna zabawka z grzechotką MIŚ - zielony;0;0;0,000;0;0;;OK
590503562;0;776414;CANPOL 79/102 - Miękkie klocki sensoryczne 12szt;0;0;0,000;0;0;;OK
590503567;0;791204;CANPOL 79/103 - Sensoryczna układanka piramidka;0;0;0,000;0;0;;OK
590503573;0;780746;CANPOL 79/104 - Zabawka kreatywna do zabawy w wodzie;0;0;0,000;0;0;;OK
590503578;0;786396;CANPOL 79/402 - Miękkie piłeczki sensoryczne 6szt.;0;0;0,000;0;0;;OK
590503584;0;780510;CANPOL 80/201 - Miękka grzechotka Króliczek różowy;0;0;0,000;0;0;;OK
590503590;0;5903867;CANPOL 80/308 - Zestaw odkręcanych zabawek silikonowych do kąpieli;0;0;0,000;0;0;;OK
211347409;0;5902719;CANPOL 9/814 - Zestaw pielęgnacyjny - do paznokci - dla niemowląt i dzieci - RÓŻOWY;1;0;0,000;0;0;;OK
541273188;0;5901691801950;CANPOL24/201 -  BUTELKA antykolkowa - (S-Shape) - SZEROKA PP - (200 ml) - 0m+;2;0;0,000;0;0;;OK
211347227;0;CHI000128;CHICCO - Chusteczki Pielęgnacyjne - (72szt)  0m+;3;0;0,000;0;0;;OK
211347479;0;5905615;CHICCO - Oliwka do masażu 0m+ (200ml);1;0;0,000;0;0;;OK
211347412;0;788843;CHICCO 00006569100000 - SZCZOTKA+GRZEBIEŃ - naturalne włosie -  RÓŻOWY;1;0;0,000;0;0;;OK
211347482;0;5905616;CHICCO 00010580000000 - Płyn do kąpieli protection  0m+ (500ml);2;0;0,000;0;0;;OK
211347615;0;788781;CHICCO 00061779000000 - Wkładki laktacyjne - (30 szt.);2;0;0,000;0;0;;OK
211347234;0;CHI000028;CHICCO- CHUSTECZKI DO PIELĘGNACJI PIERSI 72SZT;3;0;0,000;0;0;;OK
527637737;0;5903407166322;Canpol 2/441 - ŁAŃCUSZEK - do smoczka uspokajającego - GOOSE;2;0;0,000;0;0;;OK
585934326;0;5903407367279;Canpol 78/025 - Jednorazowe RĘCZNIKI – ZESTAW 2 szt.  - (140×70 cm + 70×30 cm);10;0;0,000;0;0;;OK
585934335;0;5903407367286;Canpol 78/026 - Jednorazowe spłukiwalne nakładki na toaletę - (10 szt. );25;0;0,000;0;0;;OK
557183707;557178729;5907180605474BEZ;DUET BABY 547 - OKRYCIE KĄPIELOWE z kapturkiem + KOCYK dla niemowląt - Beżowy;0;0;0,000;0;0;;OK
557183713;557178729;5907180605474JAS;DUET BABY 547 - OKRYCIE KĄPIELOWE z kapturkiem + KOCYK dla niemowląt - Jasnoszary;0;0;0,000;0;0;;OK
557183710;557178729;5907180605474NIB;DUET BABY 547 - OKRYCIE KĄPIELOWE z kapturkiem + KOCYK dla niemowląt - Niebieski;0;0;0,000;0;0;;OK
557183705;557178729;5907180605474ROZ;DUET BABY 547 - OKRYCIE KĄPIELOWE z kapturkiem + KOCYK dla niemowląt - Różowy;1;0;0,000;0;0;;OK
557183709;557178729;5907180605474SZ;DUET BABY 547 - OKRYCIE KĄPIELOWE z kapturkiem + KOCYK dla niemowląt - Szary;1;0;0,000;0;0;;OK
211348470;211348468;SMZ.9756.WOOD.L.01;Doctor Nap szlafrok damski suwak - L;1;0;0,000;0;0;;OK
211348469;211348468;SMZ.9756.WOOD.M.01;Doctor Nap szlafrok damski suwak - M;0;0;0,000;0;0;;OK
528612337;211348468;SMZ.9756.WOOD.S.01;Doctor Nap szlafrok damski suwak - S;0;0;0,000;0;0;;OK
211348471;211348468;SMZ.9756.WOOD.XL.01;Doctor Nap szlafrok damski suwak - XL;1;0;0,000;0;0;;OK
211347422;0;765678;Dr.Browns SB2100 - Butelka standard - (60ml) - OPTIONS;1;0;0,000;0;0;;OK
570340132;0;ORG-OHBABY-34-NAT;Drewniany ORGANIZER dziecięcy - OH BABY - z drążkiem;2;0;0,000;0;0;;OK
591220290;0;773520;HAXE NS1 - Aspirator do nosa elektryczny;0;0;0,000;0;0;;OK
591220298;0;779657;HELPMEDI DinoRino - Aspirator ustny kataru;0;0;0,000;0;0;;OK
591220294;0;788740;HELPMEDI HNA-300 - Aspirator kataru Electrino;0;0;0,000;0;0;;OK
591220304;0;5906940;KATAREK COMPLETE Secure+ - Aspirator kataru - (20 amp. NaCI);0;0;0,000;0;0;;OK
591220319;0;5913628;KATAREK PLUS - Aspirator kataru do odkurzacza z rozkręcaną komorą;0;0;0,000;0;0;;OK
591220323;0;5913354;KATAREK STANDARD - Aspirator kataru do odkurzacza;0;0;0,000;0;0;;OK
591220327;0;778488;KATAREK TRAVEL 2w1 - Aspirator kataru do odkurzacza i aspiracji ustnej;0;0;0,000;0;0;;OK
591220312;0;5910980;KATAREK VERTICAL - Aspirator kataru z adapterem do odkurzaczy pionowych;0;0;0,000;0;0;;OK
211348442;0;5908970;KIECZMERSKI  - ROŻEK niemowlęcy - Wiązany -  MIMINU SOFT (0-3m) - BEŻ;0;0;0,000;0;0;;OK
211348445;0;5908969;KIECZMERSKI  - ROŻEK niemowlęcy - Wiązany -  MIMINU SOFT (0-3m) - RÓŻOWY;0;0;0,000;0;0;;OK
211348818;211348816;KL-PINK-36;Klapki damskie - Różowy - 36;2;0;0,000;0;0;;OK
211348793;211348782;KL-WHITE-37;Klapki damskie - biały - 37;7;0;0,000;0;0;;OK
211348827;211348826;KL-YELLOW-36;Klapki damskie - żółty - 36;2;0;0,000;0;0;;OK
211348830;211348826;KL-YELLOW-37;Klapki damskie - żółty - 37;4;0;0,000;0;0;;OK
211348832;211348826;KL-YELLOW-39;Klapki damskie - żółty - 39;4;0;0,000;0;0;;OK
211348487;211348480;TCB.9504.SWEET_PINK.L.01;Koszula do karmienia - (SWEET_PINK) - Doctor Nap - L;0;0;0,000;0;0;;OK
211348485;211348480;TCB.9504.SWEET_PINK.M.01;Koszula do karmienia - (SWEET_PINK) - Doctor Nap - M;1;0;0,000;0;0;;OK
211348482;211348480;TCB.9504.SWEET_PINK.S.01;Koszula do karmienia - (SWEET_PINK) - Doctor Nap - S;1;0;0,000;0;0;;OK
211348493;211348480;TCB.9504.SWEET_PINK.XXL.01;Koszula do karmienia - (SWEET_PINK) - Doctor Nap - XXL;0;0;0,000;0;0;;OK
211348475;211348472;TCB.4348.BEIGE.L.01;Koszula do karmienia - (beige) - Doctor Nap - L;1;0;0,000;0;0;;OK
211348474;211348472;TCB.4348.BEIGE.M.01;Koszula do karmienia - (beige) - Doctor Nap - M;0;0;0,000;0;0;;OK
211348473;211348472;TCB.4348.BEIGE.S.01;Koszula do karmienia - (beige) - Doctor Nap - S;1;0;0,000;0;0;;OK
211348478;211348472;TCB.4348.BEIGE.XXL.01;Koszula do karmienia - (beige) - Doctor Nap - XXL;1;0;0,000;0;0;;OK
211348511;211348497;TCB.5336.DEEP_BLUE.L.01;Koszula do karmienia -( DEEP BLUE) - Doctor Nap - L;0;0;0,000;0;0;;OK
211348500;211348497;TCB.5336.DEEP_BLUE.S.01;Koszula do karmienia -( DEEP BLUE) - Doctor Nap - S;0;0;0,000;0;0;;OK
211348537;211348521;TCB.9600.DOLCE_VITA.L.01;Koszula do karmienia -( różowy) - Doctor Nap - L;0;0;0,000;0;0;;OK
211348531;211348521;TCB.9600.DOLCE_VITA.M.01;Koszula do karmienia -( różowy) - Doctor Nap - M;0;0;0,000;0;0;;OK
211348525;211348521;TCB.9600.DOLCE_VITA.S.01;Koszula do karmienia -( różowy) - Doctor Nap - S;0;0;0,000;0;0;;OK
211348542;211348521;TCB.9600.DOLCE_VITA.XL.01;Koszula do karmienia -( różowy) - Doctor Nap - XL;1;0;0,000;0;0;;OK
211348561;211348548;TM.9301.DARK_GREY.L.01;Koszula do karmienia -(DARK_GREY) -Doctor Nap - L;0;0;0,000;0;0;;OK
211348553;211348548;TM.9301.DARK_GREY.S.01;Koszula do karmienia -(DARK_GREY) -Doctor Nap - S;1;0;0,000;0;0;;OK
211348566;211348548;TM.9301.DARK_GREY.XL.01;Koszula do karmienia -(DARK_GREY) -Doctor Nap - XL;0;0;0,000;0;0;;OK
211348592;211348576;TCB.9992.GRAPHITE.L.01;Koszula do karmienia -(GRAPHITE) - Doctor Nap - L;0;0;0,000;0;0;;OK
211348586;211348576;TCB.9992.GRAPHITE.M.01;Koszula do karmienia -(GRAPHITE) - Doctor Nap - M;0;0;0,000;0;0;;OK
211348580;211348576;TCB.9992.GRAPHITE.S.01;Koszula do karmienia -(GRAPHITE) - Doctor Nap - S;0;0;0,000;0;0;;OK
211348602;211348576;TCB.9992.GRAPHITE.XXL.01;Koszula do karmienia -(GRAPHITE) - Doctor Nap - XXL;0;0;0,000;0;0;;OK
211348621;211348606;TM.4119.GREY.L.01;Koszula do karmienia -(GREY) - Doctor Nap - L;1;0;0,000;0;0;;OK
211348615;211348606;TM.4119.GREY.M.01;Koszula do karmienia -(GREY) - Doctor Nap - M;1;0;0,000;0;0;;OK
211348611;211348606;TM.4119.GREY.S.01;Koszula do karmienia -(GREY) - Doctor Nap - S;1;0;0,000;0;0;;OK
211348625;211348606;TM.4119.GREY.XL.01;Koszula do karmienia -(GREY) - Doctor Nap - XL;0;0;0,000;0;0;;OK
211348631;211348606;TM.4119.GREY.XXL.01;Koszula do karmienia -(GREY) - Doctor Nap - XXL;1;0;0,000;0;0;;OK
211348635;211348606;TM.4119.GREY.XXXL.01;Koszula do karmienia -(GREY) - Doctor Nap - XXXL;1;0;0,000;0;0;;OK
211347627;211347618;772177-D;LANSINOH - Osłonki laktacyjne Nipple Shields - 2 sztuki (1 para) - DUŻE (24 mm);2;0;0,000;0;0;;OK
211347623;211347618;772177-M;LANSINOH - Osłonki laktacyjne Nipple Shields - 2 sztuki (1 para) - MAŁE (20 mm);1;0;0,000;0;0;;OK
211347632;0;9562;LANSINOH - Wkładki laktacyjne jednorazowe - (60 szt.);1;0;0,000;0;0;;OK
211348320;0;791603;LANSINOH PERICARE -  Wkładki ŻELOWE poporodowe Therapearl;1;0;0,000;0;0;;OK
211348334;211348324;779202;LOVI 5/605(606) - Silikonowe osłonki piersi Skin Touch (2 szt.) - M/L;0;0;0,000;0;0;;OK
211348329;211348324;777854;LOVI 5/605(606) - Silikonowe osłonki piersi Skin Touch (2 szt.) - S;1;0;0,000;0;0;;OK
585934344;0;5909037;LOVI Love Mummy ZESTAW dla niemowląt: BUTELKA 150 ml + SMOCZEK uspokajający (0+;4;0;0,000;0;0;;OK
211347637;0;5908650;MATEX - KOCYK - BAMBOO bambusowy-dwustronny - (Rozmiar: 75x100);0;0;0,000;0;0;;OK
211347640;0;5904012;MATEX - Okrycie kąpielowe PRESTIGE BUNNY - WAFEL-  (rozmiar: 70x140)  RÓŻOWY;0;0;0,000;0;0;;OK
211347644;0;5904011;MATEX - Okrycie kąpielowe PRESTIGE BUNNY - WAFEL- (rozmiar: 70x140) - ZIELONY;0;0;0,000;0;0;;OK
211347279;0;ME002;Majtki ciążowe Medela - Rozmiar L;1;0;0,000;0;0;;OK
211347485;0;5908633;NIVEA BABY (80512) - ŻEL 2w1 do mycia ciała i włosów - z dozownikiem - (500 ml);2;0;0,000;0;0;;OK
211347430;0;5908627;NIVEA BABY (80529) - KREM PIELĘGNACYJNY -  do twarzy i ciała - (200 ml);2;0;0,000;0;0;;OK
211347487;0;5908634;NIVEA BABY -  ŻEL 2w1 - do mycia ciała i włosów - na dobranoc - (200 ml);1;0;0,000;0;0;;OK
211347344;0;5908622;NIVEA BABY TODDIES -  Chusteczki nawilżane dla dzieci - łagodne - (57szt.);4;0;0,000;0;0;;OK
211348343;0;5909148;NUK 252137 -  Wkładki laktacyjne HIGH PEFORMENCE  - (8szt.);2;0;0,000;0;0;;OK
211347282;0;OLA000001;OLA BABY - Chusteczki nawilżane z alantoiną - (72 szt.);3;0;0,000;0;0;;OK
569263306;0;ORG-BOHO-TECZA;ORGANIZER na akcesoria niemowlęce - w stylu  BOHO;2;0;0,000;0;0;;OK
570232229;570226893;TB-MILK-BEAR-ALL;PIKOWANA TORBA dla mamy i niemowlęcia  – mleczna Z MOTYWEM MISIÓW - Wzór w misie;4;0;0,000;0;0;;OK
569240017;0;TORBA-GK-L-MLECZNA;PIKOWANA TORBA do szpitala z MOTYWEM GWIAZDEK I KSIĘŻYCA -  Rozmiar: L;3;0;0,000;0;0;;OK
527072037;0;TORBA05-M;PIKOWANA TORBA do szpitala z NIEDŹWIEDZIEM - Rozmiar: M;2;0;0,000;0;0;;OK
211348639;0;TORBA06-L;PIKOWANA TORBA do szpitala z TULIPANAMI -  Rozmiar:  L;7;0;0,000;0;0;;OK
527070263;0;TORBA06-M;PIKOWANA TORBA do szpitala z TULIPANAMI -  Rozmiar: M;2;0;0,000;0;0;;OK
585934315;0;MP-TP-KWI-MLE;Pikowana torba dla mamy i niemowlęcia z kieszeniami - mleczna w kwiaty;0;0;0,000;0;0;;OK
218659384;0;5911186;Rożek niemowlęcy - standard 75x75 cm - (MIMINU DESIGN Kotki ) - bawełna 100%;2;0;0,000;0;0;;OK
218659386;0;5911326;Rożek niemowlęcy - standard 75x75 cm - (MIMINU DESIGN, little ballerina) - bawełna 100%;2;0;0,000;0;0;;OK
557328674;557323535;ROZ-8002;Rożek niemowlęcy MIX - standard 80x80 cm - DWUSTRONNY - bawełna - Miś różowy;1;0;0,000;0;0;;OK
557328672;557323535;ROZ-8001;Rożek niemowlęcy MIX - standard 80x80 cm - DWUSTRONNY - bawełna - Safari;1;0;0,000;0;0;;OK
557290009;557280802;5901421433636;Rożek niemowlęcy MUŚLINOWY - 75x75 cm - z kokardą - bawełna - MISIE ciemne;5;0;0,000;0;0;;OK
211348861;0;MAR5001;SEPTONA Sensitive - chusteczki do higieny intymnej -z prebiotykiem i kwasem mlekowym - (15 szt.);0;0;0,000;0;0;;OK
211347348;0;SM0009;SKARB MATKI - Delikatna Pianka do mycia niemowląt - 250ml;2;0;0,000;0;0;;OK
211347289;0;001341;SKARB MATKI - Pomadka Ochronna - dla dzieci o smaku kokosa i wanilii - 6,5g;3;0;0,000;0;0;;OK
211347292;0;SM0021;SKARB MATKI - Pomadka Ochronna - dla dzieci o smaku malinowym - 6,5g;2;0;0,000;0;0;;OK
211347358;0;SM0007;SKARB MATKI- Oliwka Pielęgnacyjna - w żelu z witaminą E - 125ml;2;0;0,000;0;0;;OK
211347361;0;SM0030;SKARB MATKI-FEMINA - Pianka do Higieny Intymnej - 250ml;2;0;0,000;0;0;;OK
211348723;211348705;SWW.5364.BARBIE_PINK.L.01;SZLAFROK DAMSKI z delikatnego muślinu (wiązany) - Doctor Nap - L;0;0;0,000;0;0;;OK
211348716;211348705;SWW.5364.BARBIE_PINK.M.01;SZLAFROK DAMSKI z delikatnego muślinu (wiązany) - Doctor Nap - M;1;0;0,000;0;0;;OK
211348711;211348705;SWW.5364.BARBIE_PINK.S.01;SZLAFROK DAMSKI z delikatnego muślinu (wiązany) - Doctor Nap - S;1;0;0,000;0;0;;OK
211348657;211348651;SOC.2201.COSMOS__38_41.S.01;Skarpety damskie (COSMOS) Best Mom - Doctor Nap - 38-41;1;0;0,000;0;0;;OK
211348663;211348661;SOC.2201.FLAMINGO__35_37.S.01;Skarpety damskie (FLAMINGO) Best Mom - Doctor Nap - 35-37;0;0;0,000;0;0;;OK
211348668;211348661;SOC.2201.FLAMINGO__38_41.S.01;Skarpety damskie (FLAMINGO) Best Mom - Doctor Nap - 38-41;0;0;0,000;0;0;;OK
211348674;211348672;SOC.2204.GREY_SWAN__35_37.S.01;Skarpety damskie (GREY SWAN) - Doctor Nap - 35-37;1;0;0,000;0;0;;OK
211348678;211348672;SOC.2204.GREY_SWAN__38_40.S.01;Skarpety damskie (GREY SWAN) - Doctor Nap - 38-40;1;0;0,000;0;0;;OK
340114304;0;776114;Smoczek uspokajający 0-6m (symetryczny/okragly) - RÓŻOWY;0;0;0,000;0;0;;OK
211348693;211348683;SWB.9999.DARK_GREY.L.01;Szlafrok damski bambusowy wiązany - Doctor Nap - L;1;0;0,000;0;0;;OK
211348689;211348683;SWB.9999.DARK_GREY.M.01;Szlafrok damski bambusowy wiązany - Doctor Nap - M;1;0;0,000;0;0;;OK
211348685;211348683;SWB.9999.DARK_GREY.S.01;Szlafrok damski bambusowy wiązany - Doctor Nap - S;0;0;0,000;0;0;;OK
211348698;211348683;SWB.9999.DARK_GREY.XL.01;Szlafrok damski bambusowy wiązany - Doctor Nap - XL;1;0;0,000;0;0;;OK
569755314;488454929;TCB.9504.GREY.M.01;TCB.9504 - Koszula do karmienia - (GREY) - Doctor Nap - M;0;0;0,000;0;0;;OK
569755317;488454929;TCB.9504.GREY.XL.01;TCB.9504 - Koszula do karmienia - (GREY) - Doctor Nap - XL;1;0;0,000;0;0;;OK
488460336;0;5902701146597;TCB.9505 - Koszula do karmienia - L - (GRAPHITE) - Doctor Nap;1;0;0,000;0;0;;OK
488458419;0;TCB.9505.SWEET_PINK.01;TCB.9505 - Koszula do karmienia - XXL - (PINK) - Doctor Nap;1;0;0,000;0;0;;OK
263619247;0;WT-002-B;TORBA WYPRAWKA DLA NOWORODKA/MAMY DO SZPITALA + RĘCZNIK – błękitna;0;0;0,000;0;0;;OK
215143800;0;WT-002-R;TORBA WYPRAWKA DLA NOWORODKA/MAMY DO SZPITALA + RĘCZNIK – różowa;0;0;0,000;0;0;;OK
228617623;0;ST-2001-B;TORBA WYPRAWKA DLA NOWORODKA/MAMY DO SZPITALA -podstawowa błękitna;0;0;0,000;0;0;;OK
228479879;0;ST-1001-R;TORBA WYPRAWKA DLA NOWORODKA/MAMY DO SZPITALA -podstawowa różowa;0;0;0,000;0;0;;OK
310575604;0;TWSZ-XXL-MISIE;TORBA WYPRAWKA dla noworodka i mamy do szpitala - DUŻY ZESTAW+RĘCZNIK;0;0;0,000;0;0;;OK
584232290;584232277;771956;Tega Baby DK-004-122(129, 130, 131, 132) - Wanna dziecięca Kaczka 86 cm - jasny niebieski;0;0;0,000;0;0;;OK
584232297;584232277;772049;Tega Baby DK-004-122(129, 130, 131, 132) - Wanna dziecięca Kaczka 86 cm - jasny różowy;0;0;0,000;0;0;;OK
584232283;584232277;772185;Tega Baby DK-004-122(129, 130, 131, 132) - Wanna dziecięca Kaczka 86 cm - jasny szary;0;0;0,000;0;0;;OK
584232304;584232277;772050;Tega Baby DK-004-122(129, 130, 131, 132) - Wanna dziecięca Kaczka 86 cm - jasny zielony;0;0;0,000;0;0;;OK
584232310;584232277;772051;Tega Baby DK-004-122(129, 130, 131, 132) - Wanna dziecięca Kaczka 86 cm - jasny żółty;0;0;0,000;0;0;;OK
584232247;584232230;771957;Tega Baby DK-005-122(129, 130, 131, 132) - Wanna dziecięca Kaczka 102 cm - jasny niebieski;0;0;0,000;0;0;;OK
584232254;584232230;772044;Tega Baby DK-005-122(129, 130, 131, 132) - Wanna dziecięca Kaczka 102 cm - jasny różowy;0;0;0,000;0;0;;OK
584232238;584232230;772187;Tega Baby DK-005-122(129, 130, 131, 132) - Wanna dziecięca Kaczka 102 cm - jasny szary;0;0;0,000;0;0;;OK
584232260;584232230;772045;Tega Baby DK-005-122(129, 130, 131, 132) - Wanna dziecięca Kaczka 102 cm - jasny zielony;0;0;0,000;0;0;;OK
584232270;584232230;772046;Tega Baby DK-005-122(129, 130, 131, 132) - Wanna dziecięca Kaczka 102 cm - jasny żółty;0;0;0,000;0;0;;OK
590109402;590109395;3151;Tega Baby DM-008 - Stojak uniwersalny 86/102 LUX - biały;0;0;0,000;0;0;;OK
590109409;590109395;784480;Tega Baby DM-008 - Stojak uniwersalny 86/102 LUX - grafitowy;0;0;0,000;0;0;;OK
590109428;590109416;768291;Tega Baby DM-018(103) - Podstawa uniwersalna 102/102 LUX - biały;0;0;0,000;0;0;;OK
590109423;590109416;771230;Tega Baby DM-018(103) - Podstawa uniwersalna 102/102 LUX - czarny;0;0;0,000;0;0;;OK
591183738;591183728;777113;Tega Baby DM-020-103(106, 135, 136, 137, 138, 140, 157) - Leżaczek do kąpieli 100% bawełna - biały;0;0;0,000;0;0;;OK
591183806;591183728;777565;Tega Baby DM-020-103(106, 135, 136, 137, 138, 140, 157) - Leżaczek do kąpieli 100% bawełna - ecru;0;0;0,000;0;0;;OK
591183744;591183728;777114;Tega Baby DM-020-103(106, 135, 136, 137, 138, 140, 157) - Leżaczek do kąpieli 100% bawełna - jasny niebieski;0;0;0,000;0;0;;OK
591183751;591183728;777115;Tega Baby DM-020-103(106, 135, 136, 137, 138, 140, 157) - Leżaczek do kąpieli 100% bawełna - jasny różowy;0;0;0,000;0;0;;OK
591183776;591183728;777116;Tega Baby DM-020-103(106, 135, 136, 137, 138, 140, 157) - Leżaczek do kąpieli 100% bawełna - jasny zielony;0;0;0,000;0;0;;OK
591183741;591183728;777568;Tega Baby DM-020-103(106, 135, 136, 137, 138, 140, 157) - Leżaczek do kąpieli 100% bawełna - szary;0;0;0,000;0;0;;OK
591183789;591183728;786151;Tega Baby DM-020-103(106, 135, 136, 137, 138, 140, 157) - Leżaczek do kąpieli 100% bawełna - turkus;0;0;0,000;0;0;;OK
591183758;591183728;777117;Tega Baby DM-020-103(106, 135, 136, 137, 138, 140, 157) - Leżaczek do kąpieli 100% bawełna - żółty;0;0;0,000;0;0;;OK
590109429;0;5909167;Tega Baby DM-035-103 - Stojak pod wanienkę TEGGI biały;0;0;0,000;0;0;;OK
590109430;0;5914537;Tega Baby DM-037-103 - Stojak pod wanienkę składaną biały;0;0;0,000;0;0;;OK
590109431;0;5914536;Tega Baby DM-038-103 - Stojak pod wanienkę składaną do montażu biały;0;0;0,000;0;0;;OK
584232217;584232216;779257;Tega Baby DZ-004-103-JELONEK(SŁONIK) - Wanna dziecięca Dziki Zachód 86 cm - Jelonek;0;0;0,000;0;0;;OK
584232219;584232216;779245;Tega Baby DZ-004-103-JELONEK(SŁONIK) - Wanna dziecięca Dziki Zachód 86 cm - Słonik;0;0;0,000;0;0;;OK
584232221;584232220;779258;Tega Baby DZ-004-ODPŁYW-103-JELONEK(SŁONIK) - Wanna dziecięca Dziki Zachód z odpływem 86 cm - Jelonek;0;0;0,000;0;0;;OK
584232223;584232220;779246;Tega Baby DZ-004-ODPŁYW-103-JELONEK(SŁONIK) - Wanna dziecięca Dziki Zachód z odpływem 86 cm - Słonik;0;0;0,000;0;0;;OK
584232207;584232199;779256;Tega Baby DZ-005-103-JELONEK(SŁONIK) - Wanna dziecięca Dziki Zachód 102 cm - Jelonek;0;0;0,000;0;0;;OK
584232215;584232199;779244;Tega Baby DZ-005-103-JELONEK(SŁONIK) - Wanna dziecięca Dziki Zachód 102 cm - Słonik;0;0;0,000;0;0;;OK
591183834;591183819;779260;Tega Baby DZ-026-103-JELONEK(SŁONIK) - Leżaczek kąpielowy z wizerunkiem Dziki Zachód - Jelonek;0;0;0,000;0;0;;OK
591183850;591183819;779248;Tega Baby DZ-026-103-JELONEK(SŁONIK) - Leżaczek kąpielowy z wizerunkiem Dziki Zachód - Słonik;0;0;0,000;0;0;;OK
584232175;584232170;5914538;Tega Baby FB-004-119(129, 130) - Wanienka składana z odpływem standard - beżowy;0;0;0,000;0;0;;OK
584232183;584232170;5914539;Tega Baby FB-004-119(129, 130) - Wanienka składana z odpływem standard - jasny niebieski;0;0;0,000;0;0;;OK
584232191;584232170;5914540;Tega Baby FB-004-119(129, 130) - Wanienka składana z odpływem standard - jasny różowy;0;0;0,000;0;0;;OK
591183909;591183862;772351;Tega Baby FF-003-107(108, 109, 111, 112) - Fotelik do kąpieli antypoślizgowy Leśna Opowieść - jasny beżowy;0;0;0,000;0;0;;OK
591183890;591183862;772352;Tega Baby FF-003-107(108, 109, 111, 112) - Fotelik do kąpieli antypoślizgowy Leśna Opowieść - jasny niebieski;0;0;0,000;0;0;;OK
591183879;591183862;772353;Tega Baby FF-003-107(108, 109, 111, 112) - Fotelik do kąpieli antypoślizgowy Leśna Opowieść - jasny różowy;0;0;0,000;0;0;;OK
591183914;591183862;772354;Tega Baby FF-003-107(108, 109, 111, 112) - Fotelik do kąpieli antypoślizgowy Leśna Opowieść - jasny zielony;0;0;0,000;0;0;;OK
591183907;591183862;772355;Tega Baby FF-003-107(108, 109, 111, 112) - Fotelik do kąpieli antypoślizgowy Leśna Opowieść - jasny żółty;0;0;0,000;0;0;;OK
584232461;584232451;772418;Tega Baby FF-004-111(108, 107, 112, 109) - Wanna dziecięca Leśna Opowieść 86 cm - jasny beżowy;0;0;0,000;0;0;;OK
584232468;584232451;772419;Tega Baby FF-004-111(108, 107, 112, 109) - Wanna dziecięca Leśna Opowieść 86 cm - jasny niebieski;0;0;0,000;0;0;;OK
584232474;584232451;772420;Tega Baby FF-004-111(108, 107, 112, 109) - Wanna dziecięca Leśna Opowieść 86 cm - jasny różowy;0;0;0,000;0;0;;OK
584232485;584232451;772421;Tega Baby FF-004-111(108, 107, 112, 109) - Wanna dziecięca Leśna Opowieść 86 cm - jasny zielony;0;0;0,000;0;0;;OK
584232491;584232451;772422;Tega Baby FF-004-111(108, 107, 112, 109) - Wanna dziecięca Leśna Opowieść 86 cm - jasny żółty;0;0;0,000;0;0;;OK
584232396;584232376;772413;Tega Baby FF-005-111(108, 107, 112, 109) - Wanna dziecięca Leśna Opowieść 102 cm - jasny beżowy;0;0;0,000;0;0;;OK
584232436;584232376;772414;Tega Baby FF-005-111(108, 107, 112, 109) - Wanna dziecięca Leśna Opowieść 102 cm - jasny niebieski;0;0;0,000;0;0;;OK
584232448;584232376;772415;Tega Baby FF-005-111(108, 107, 112, 109) - Wanna dziecięca Leśna Opowieść 102 cm - jasny różowy;0;0;0,000;0;0;;OK
584232449;584232376;772416;Tega Baby FF-005-111(108, 107, 112, 109) - Wanna dziecięca Leśna Opowieść 102 cm - jasny zielony;0;0;0,000;0;0;;OK
584232450;584232376;772417;Tega Baby FF-005-111(108, 107, 112, 109) - Wanna dziecięca Leśna Opowieść 102 cm - jasny żółty;0;0;0,000;0;0;;OK
591183924;591183921;780954;Tega Baby KR-003-103(104, 105) - Fotelik do kąpieli antypoślizgowy Króliczki - biały;0;0;0,000;0;0;;OK
591183932;591183921;762776;Tega Baby KR-003-103(104, 105) - Fotelik do kąpieli antypoślizgowy Króliczki - jasny różowy;0;0;0,000;0;0;;OK
591183934;591183921;780955;Tega Baby KR-003-103(104, 105) - Fotelik do kąpieli antypoślizgowy Króliczki - jasny zielony;0;0;0,000;0;0;;OK
584232340;584232338;762787;Tega Baby KR-004-103(105) - Wanna dziecięca Króliczki z odpływem 86 cm - biały;0;0;0,000;0;0;;OK
584232360;584232338;788737;Tega Baby KR-004-103(105) - Wanna dziecięca Króliczki z odpływem 86 cm - jasny zielony;0;0;0,000;0;0;;OK
584232322;584232316;762788;Tega Baby KR-005-103(104, 105) - Wanna dziecięca Króliczki z odpływem 102 cm - biały;0;0;0,000;0;0;;OK
584232328;584232316;791380;Tega Baby KR-005-103(104, 105) - Wanna dziecięca Króliczki z odpływem 102 cm - jasny różowy;0;0;0,000;0;0;;OK
584232337;584232316;791381;Tega Baby KR-005-103(104, 105) - Wanna dziecięca Króliczki z odpływem 102 cm - jasny zielony;0;0;0,000;0;0;;OK
591183952;591183941;771343;Tega Baby KR-026-103(104, 105) - Leżaczek kąpielowy z wizerunkiem Króliczki - biały;0;0;0,000;0;0;;OK
591183967;591183941;771344;Tega Baby KR-026-103(104, 105) - Leżaczek kąpielowy z wizerunkiem Króliczki - jasny różowy;0;0;0,000;0;0;;OK
591183982;591183941;771345;Tega Baby KR-026-103(104, 105) - Leżaczek kąpielowy z wizerunkiem Króliczki - jasny zielony;0;0;0,000;0;0;;OK
591184025;591183994;786636;Tega Baby ME-003-123(164, 165, 166) - Fotelik do kąpieli antypoślizgowy Meteo - granatowy;0;0;0,000;0;0;;OK
591184054;591183994;786637;Tega Baby ME-003-123(164, 165, 166) - Fotelik do kąpieli antypoślizgowy Meteo - musztardowy;0;0;0,000;0;0;;OK
591184011;591183994;786638;Tega Baby ME-003-123(164, 165, 166) - Fotelik do kąpieli antypoślizgowy Meteo - różowy;0;0;0,000;0;0;;OK
591184041;591183994;786639;Tega Baby ME-003-123(164, 165, 166) - Fotelik do kąpieli antypoślizgowy Meteo - turkusowy;0;0;0,000;0;0;;OK
584232524;584232519;786680;Tega Baby ME-004 - Wanna dziecięca Meteo z odpływem 86 cm - granatowy;0;0;0,000;0;0;;OK
584232536;584232519;786682;Tega Baby ME-004 - Wanna dziecięca Meteo z odpływem 86 cm - różowy;0;0;0,000;0;0;;OK
584232530;584232519;786683;Tega Baby ME-004 - Wanna dziecięca Meteo z odpływem 86 cm - turkusowy;0;0;0,000;0;0;;OK
584232502;584232497;786676;Tega Baby ME-005 - Wanna dziecięca Meteo z odpływem 102 cm - granatowy;0;0;0,000;0;0;;OK
584232514;584232497;786679;Tega Baby ME-005 - Wanna dziecięca Meteo z odpływem 102 cm - różowy;0;0;0,000;0;0;;OK
584232508;584232497;786678;Tega Baby ME-005 - Wanna dziecięca Meteo z odpływem 102 cm - turkusowy;0;0;0,000;0;0;;OK
591184069;0;787100;Tega Baby ME-026-165 - Leżaczek kąpielowy z wizerunkiem Meteo;0;0;0,000;0;0;;OK
591184084;0;5906192;Tega Baby MN-003-124 - Fotelik do kąpieli antypoślizgowy Monsters;0;0;0,000;0;0;;OK
584232163;0;5906227;Tega Baby MN-004-124 - Wanienka Monsters z odpływem 86 cm;0;0;0,000;0;0;;OK
584232154;0;5906224;Tega Baby MN-005-124 - Wanienka Monsters z odpływem 102 cm;0;0;0,000;0;0;;OK
591184095;0;5906215;Tega Baby MN-006-124 - Podnóżek antypoślizgowy Monsters;0;0;0,000;0;0;;OK
591184113;591184101;3605;Tega Baby MS-003-118(119) - Fotelik do kąpieli antypoślizgowy Miś - beżowy;0;0;0,000;0;0;;OK
591184107;591184101;774691;Tega Baby MS-003-118(119) - Fotelik do kąpieli antypoślizgowy Miś - biała perła;0;0;0,000;0;0;;OK
584232546;0;10953;Tega Baby MS-004-119 - Wanna dziecięca Miś 86 cm;0;0;0,000;0;0;;OK
584232541;0;771546;Tega Baby MS-005-LUX-118 - Wanna dziecięca Miś 102 cm;0;0;0,000;0;0;;OK
591184118;0;774692;Tega Baby MS-020-119 - Nakładka sedesowa miękka Miś;0;0;0,000;0;0;;OK
591184140;591184122;770968;Tega Baby MS-026-103(119) - Leżaczek kąpielowy z wizerunkiem Miś - beżowy;0;0;0,000;0;0;;OK
591184127;591184122;770969;Tega Baby MS-026-103(119) - Leżaczek kąpielowy z wizerunkiem Miś - biały;0;0;0,000;0;0;;OK
590120834;590120819;5912428;Tega Baby Przewijak Dziki Zachód biały - jednorożec;0;0;0,000;0;0;;OK
590120849;590120819;5912429;Tega Baby Przewijak Dziki Zachód biały - jelonek;0;0;0,000;0;0;;OK
590120870;590120819;5912430;Tega Baby Przewijak Dziki Zachód biały - lisek;0;0;0,000;0;0;;OK
590488800;590120819;5912267;Tega Baby Przewijak Dziki Zachód biały - słonik;0;0;0,000;0;0;;OK
590488806;0;5912431;Tega Baby Przewijak Leśna Opowieść biały;0;0;0,000;0;0;;OK
590488811;0;5912432;Tega Baby Przewijak METEO biały słonko;0;0;0,000;0;0;;OK
590488828;590488816;5912473;Tega Baby Przewijak twardy MIŚ - beżowy;0;0;0,000;0;0;;OK
590488822;590488816;5912474;Tega Baby Przewijak twardy MIŚ - biała perła;0;0;0,000;0;0;;OK
591184153;0;776017;Tega Baby SO-003-106 - Fotelik do kąpieli antypoślizgowy Sowa;0;0;0,000;0;0;;OK
591184181;591184166;771758;Tega Baby SO-026-103(106) - Leżaczek kąpielowy z wizerunkiem Sowa - biały;0;0;0,000;0;0;;OK
591184196;591184166;770973;Tega Baby SO-026-103(106) - Leżaczek kąpielowy z wizerunkiem Sowa - szary;0;0;0,000;0;0;;OK
211348845;211348842;TORBA04-W;Torba bawełna do szpitala - Beige;4;0;0,000;0;0;;OK
211348843;211348842;TORBA04-P;Torba bawełna do szpitala - Pink;2;0;0,000;0;0;;OK
509360718;0;POD-M-2;Torba do szpitala dla MAMY – gotowa wyprawka podstawowa;0;0;0,000;0;0;;OK
509363247;0;ROZ-M-2;Torba do szpitala dla MAMY – gotowa wyprawka rozszerzona;0;0;0,000;0;0;;OK
585922107;585922056;TORBA-MANIY-ZIELONA;Torba do szpitala dla mamy M.A.N.I.Y z dolną komorą - Torba do szpitala dla mamy M.A.N.I.Y z dolną komorą - Kolor: Zielony;1;0;0,000;0;0;;OK
509357522;0;PREM-MD-1;Torba do szpitala dla mamy i noworodka – gotowa wyprawka Premium;0;0;0,000;0;0;;OK
509354857;0;KOM-MD-1;Torba do szpitala dla mamy i noworodka – gotowa wyprawka kompletna;0;0;0,000;0;0;;OK
509347047;0;POD-MD-1;Torba do szpitala dla mamy i noworodka – gotowa wyprawka podstawowa;0;0;0,000;0;0;;OK
509350971;0;ROZ-MD-1;Torba do szpitala dla mamy i noworodka – gotowa wyprawka rozszerzona;0;0;0,000;0;0;;OK
591157293;591157287;TORBA-OXFORD-OBUWIE-MLECZNA;Torba do szpitala dla mamy z komorą na obuwie - Oxford - Mleczny;0;0;0,000;0;0;;OK
591157290;591157287;TORBA-OXFORD-OBUWIE-SZARA;Torba do szpitala dla mamy z komorą na obuwie - Oxford - Szary;0;0;0,000;0;0;;OK
509363839;0;KOM-M-2;Torba do szpitala dla mamy – gotowa wyprawka kompletna;0;0;0,000;0;0;;OK
211348851;211348847;TORBA02-W;Torba do szpitala-02 - Beige;5;0;0,000;0;0;;OK
311066358;0;DZIECKO-DUZY-20;WYPRAWKA DO SZPITALA dla dziecka – DUŻY ZESTAW + RĘCZNIK i higiena;11;0;0,000;0;0;;OK
363665792;0;DZIECKO-DUZY-21;WYPRAWKA DO SZPITALA dla dziecka – DUŻY ZESTAW + RĘCZNIK i higiena2;5;0;0,000;0;0;;OK
312694440;0;DZIECKO-PODST-19;WYPRAWKA DO SZPITALA dla dziecka – PODSTAWOWY ZESTAW + higiena;11;0;0,000;0;0;;OK
345502620;0;DZIECKO-PODST-20ROZ;WYPRAWKA DO SZPITALA dla dziecka – PODSTAWOWY ZESTAW + higiena + ROŻEK;6;0;0,000;0;0;;OK
311064432;0;MAMA-GRP-TORBA-101;WYPRAWKA DO SZPITALA dla mamy + KOSZULA - 2, higiena + TORBA w prezencie;0;0;0,000;0;0;;OK
363664383;0;MAMA-GRP-TORBA-303;WYPRAWKA DO SZPITALA dla mamy + KOSZULA - 3, higiena + TORBA w prezencie;0;0;0,000;0;0;;OK
377875904;0;MAMA-GRP-TORBA-404;WYPRAWKA DO SZPITALA dla mamy + KOSZULA - 4, higiena + TORBA w prezencie;0;0;0,000;0;0;;OK
307533890;0;MAMA-SZP-TORBA-10;WYPRAWKA DO SZPITALA dla mamy + KOSZULA, higiena + TORBA w prezencie;0;0;0,000;0;0;;OK
312695745;0;MAMA-PODST-9;WYPRAWKA DO SZPITALA dla mamy – PODSTAWOWY zestaw higieniczny + GRATIS;0;0;0,000;0;0;;OK
488710766;0;MAM-XXL-14;WYPRAWKA DO SZPITALA dla mamy – PODSTAWOWY zestaw higieniczny + GRATIS;0;0;0,000;0;0;;OK
333331870;0;MAMA-CANPOL-LAN-11;WYPRAWKA DO SZPITALA dla mamy – Zestaw higieniczny CANPOL + lanolina;0;0;0,000;0;0;;OK
442219547;0;WYP-BABY-ORG-024;WYPRAWKA TORBA DLA NOWORODKA DO SZPITALA  + ORGANIZER + ROŻEK + GRATIS;0;0;0,000;0;0;;OK
440346956;0;WYP-BABY-24EL;WYPRAWKA TORBA DLA NOWORODKA DO SZPITALA + ROŻEK + ORGANIZER;0;0;0,000;0;0;;OK
344415406;0;NB-WYPIS-ROZEK-TORBA-N-34;WYPRAWKA TORBA DLA NOWORODKA/MAMY DO SZPITALA + ROŻEK + GRATIS-N;0;0;0,000;0;0;;OK
345331429;0;NB-WYPIS-ROZEK-TORBA-R;WYPRAWKA TORBA DLA NOWORODKA/MAMY DO SZPITALA + ROŻEK + GRATIS-R;0;0;0,000;0;0;;OK
307143235;0;WYP-MN-DUZY-XL-NIEB;Wyprawka TORBA dla noworodka i mamy do szpitala – DUŻY ZESTAW + GRATIS-N;0;0;0,000;0;0;;OK
307141458;0;WYP-MN-DUZY-XL-ROZ;Wyprawka TORBA dla noworodka i mamy do szpitala – DUŻY ZESTAW + GRATIS-R;0;0;0,000;0;0;;OK
338059524;0;WYP-MN-DUZY-2-XL-ROZ;Wyprawka TORBA dla noworodka i mamy do szpitala – DUŻY ZESTAW-2+ GRATIS-R;0;0;0,000;0;0;;OK
307144945;0;WYP-TORBA-NAJ-NIEB;Wyprawka TORBA dla noworodka i mamy do szpitala – NAJWAŻNIEJSZE +GRATIS-N;0;0;0,000;0;0;;OK
307143638;0;WYP-TORBA-NAJ-ROZ;Wyprawka TORBA dla noworodka i mamy do szpitala – NAJWAŻNIEJSZE +GRATIS-R;0;0;0,000;0;0;;OK
487803731;0;WSP-CP-01-35;Wyprawka do szpitala dla mamy i dziecka -DUŻY ZESTAW+CANPOL+ PIKOWANA TORBA;0;0;0,000;0;0;;OK
291226108;0;ST-3003-B;Wyprawka do szpitala dla mamy i noworodka – DUŻY ZESTAW + PIKOWANA TORBA;0;0;0,000;0;0;;OK
442224216;0;HS-XL-PK-ORG;Wyprawka do szpitala dla mamy i noworodka – PIKOWANA TORBA + ORGANIZER + GRATIS;0;0;0,000;0;0;;OK
333332468;0;MAMA-MUSLIN-PINK;Wyprawka do szpitala dla mamy – koszula, szlafrok + TORBA!;0;0;0,000;0;0;;OK
333332472;0;MAMA-MUSLIN-PINK-S;Wyprawka do szpitala dla mamy – koszula, szlafrok, skarpetki - S + TORBA!;0;0;0,000;0;0;;OK
218586223;0;ZIA1003;Ziaja - Płyn do kąpieli dla dzieci i niemowląt natłuszczający;0;0;0,000;0;0;;OK
